Geo_FIPS,Geo_GEOID,Geo_NAME,Geo_QName,Geo_STUSAB,Geo_SUMLEV,Geo_GEOCOMP,Geo_FILEID,Geo_LOGRECNO,Geo_US,Geo_REGION,Geo_DIVISION,Geo_STATECE,Geo_STATE,Geo_COUNTY,Geo_COUSUB,Geo_PLACE,Geo_PLACESE,Geo_TRACT,Geo_BLKGRP,Geo_CONCIT,Geo_AIANHH,Geo_AIANHHFP,Geo_AIHHTLI,Geo_AITSCE,Geo_AITS,Geo_ANRC,Geo_CBSA,Geo_CSA,Geo_METDIV,Geo_MACC,Geo_MEMI,Geo_NECTA,Geo_CNECTA,Geo_NECTADIV,Geo_UA,Geo_UACP,Geo_CDCURR,Geo_SLDU,Geo_SLDL,Geo_VTD,Geo_ZCTA3,Geo_ZCTA5,Geo_SUBMCD,Geo_SDELM,Geo_SDSEC,Geo_SDUNI,Geo_UR,Geo_PCI,Geo_TAZ,Geo_UGA,Geo_BTTR,Geo_BTBG,Geo_PUMA5,Geo_PUMA1,SE_A12001_001,SE_A12001_002,SE_A12001_003,SE_A12001_004,SE_A12001_005,SE_A12001_006,SE_A12001_007,SE_A12001_008
"36029000110","14000US36029000110","Census Tract 1.10, Erie County, New York","Census Tract 1.10, Erie County, New York","ny","140","00","ACSSF","0010995",,,,,"36","029",,,,"000110",,,,,,,,,,,,,,,,,,,,,,,,,,,,,,,,,,,,,1755,295,589,699,131,41,0,0
"36029000200","14000US36029000200","Census Tract 2, Erie County, New York","Census Tract 2, Erie County, New York","ny","140","00","ACSSF","0010996",,,,,"36","029",,,,"000200",,,,,,,,,,,,,,,,,,,,,,,,,,,,,,,,,,,,,2897,688,1113,784,216,68,28,0
"36029000500","14000US36029000500","Census Tract 5, Erie County, New York","Census Tract 5, Erie County, New York","ny","140","00","ACSSF","0010997",,,,,"36","029",,,,"000500",,,,,,,,,,,,,,,,,,,,,,,,,,,,,,,,,,,,,1455,262,687,354,72,63,17,0
"36029000600","14000US36029000600","Census Tract 6, Erie County, New York","Census Tract 6, Erie County, New York","ny","140","00","ACSSF","0010998",,,,,"36","029",,,,"000600",,,,,,,,,,,,,,,,,,,,,,,,,,,,,,,,,,,,,3614,438,1413,1194,369,152,48,0
"36029000700","14000US36029000700","Census Tract 7, Erie County, New York","Census Tract 7, Erie County, New York","ny","140","00","ACSSF","0010999",,,,,"36","029",,,,"000700",,,,,,,,,,,,,,,,,,,,,,,,,,,,,,,,,,,,,2884,173,816,989,609,239,50,8
"36029000800","14000US36029000800","Census Tract 8, Erie County, New York","Census Tract 8, Erie County, New York","ny","140","00","ACSSF","0011000",,,,,"36","029",,,,"000800",,,,,,,,,,,,,,,,,,,,,,,,,,,,,,,,,,,,,3425,395,998,1187,559,256,10,20
"36029000900","14000US36029000900","Census Tract 9, Erie County, New York","Census Tract 9, Erie County, New York","ny","140","00","ACSSF","0011001",,,,,"36","029",,,,"000900",,,,,,,,,,,,,,,,,,,,,,,,,,,,,,,,,,,,,1533,220,531,558,170,44,10,0
"36029001000","14000US36029001000","Census Tract 10, Erie County, New York","Census Tract 10, Erie County, New York","ny","140","00","ACSSF","0011002",,,,,"36","029",,,,"001000",,,,,,,,,,,,,,,,,,,,,,,,,,,,,,,,,,,,,3889,654,1610,1310,233,64,18,0
"36029001100","14000US36029001100","Census Tract 11, Erie County, New York","Census Tract 11, Erie County, New York","ny","140","00","ACSSF","0011003",,,,,"36","029",,,,"001100",,,,,,,,,,,,,,,,,,,,,,,,,,,,,,,,,,,,,1754,331,629,511,177,101,0,5
"36029001402","14000US36029001402","Census Tract 14.02, Erie County, New York","Census Tract 14.02, Erie County, New York","ny","140","00","ACSSF","0011004",,,,,"36","029",,,,"001402",,,,,,,,,,,,,,,,,,,,,,,,,,,,,,,,,,,,,2503,659,762,834,219,29,0,0
"36029001500","14000US36029001500","Census Tract 15, Erie County, New York","Census Tract 15, Erie County, New York","ny","140","00","ACSSF","0011005",,,,,"36","029",,,,"001500",,,,,,,,,,,,,,,,,,,,,,,,,,,,,,,,,,,,,1066,221,572,249,24,0,0,0
"36029001600","14000US36029001600","Census Tract 16, Erie County, New York","Census Tract 16, Erie County, New York","ny","140","00","ACSSF","0011006",,,,,"36","029",,,,"001600",,,,,,,,,,,,,,,,,,,,,,,,,,,,,,,,,,,,,1382,420,427,458,46,9,22,0
"36029001700","14000US36029001700","Census Tract 17, Erie County, New York","Census Tract 17, Erie County, New York","ny","140","00","ACSSF","0011007",,,,,"36","029",,,,"001700",,,,,,,,,,,,,,,,,,,,,,,,,,,,,,,,,,,,,1402,492,453,332,99,18,8,0
"36029001900","14000US36029001900","Census Tract 19, Erie County, New York","Census Tract 19, Erie County, New York","ny","140","00","ACSSF","0011008",,,,,"36","029",,,,"001900",,,,,,,,,,,,,,,,,,,,,,,,,,,,,,,,,,,,,2383,532,915,618,242,76,0,0
"36029002300","14000US36029002300","Census Tract 23, Erie County, New York","Census Tract 23, Erie County, New York","ny","140","00","ACSSF","0011009",,,,,"36","029",,,,"002300",,,,,,,,,,,,,,,,,,,,,,,,,,,,,,,,,,,,,2234,399,1202,477,95,61,0,0
"36029002400","14000US36029002400","Census Tract 24, Erie County, New York","Census Tract 24, Erie County, New York","ny","140","00","ACSSF","0011010",,,,,"36","029",,,,"002400",,,,,,,,,,,,,,,,,,,,,,,,,,,,,,,,,,,,,2651,691,1140,606,176,25,13,0
"36029002502","14000US36029002502","Census Tract 25.02, Erie County, New York","Census Tract 25.02, Erie County, New York","ny","140","00","ACSSF","0011011",,,,,"36","029",,,,"002502",,,,,,,,,,,,,,,,,,,,,,,,,,,,,,,,,,,,,1306,261,515,316,111,103,0,0
"36029002702","14000US36029002702","Census Tract 27.02, Erie County, New York","Census Tract 27.02, Erie County, New York","ny","140","00","ACSSF","0011012",,,,,"36","029",,,,"002702",,,,,,,,,,,,,,,,,,,,,,,,,,,,,,,,,,,,,1381,373,446,421,61,34,38,8
"36029002800","14000US36029002800","Census Tract 28, Erie County, New York","Census Tract 28, Erie County, New York","ny","140","00","ACSSF","0011013",,,,,"36","029",,,,"002800",,,,,,,,,,,,,,,,,,,,,,,,,,,,,,,,,,,,,1297,305,557,358,27,29,0,21
"36029002900","14000US36029002900","Census Tract 29, Erie County, New York","Census Tract 29, Erie County, New York","ny","140","00","ACSSF","0011014",,,,,"36","029",,,,"002900",,,,,,,,,,,,,,,,,,,,,,,,,,,,,,,,,,,,,1451,263,592,413,145,38,0,0
"36029003000","14000US36029003000","Census Tract 30, Erie County, New York","Census Tract 30, Erie County, New York","ny","140","00","ACSSF","0011015",,,,,"36","029",,,,"003000",,,,,,,,,,,,,,,,,,,,,,,,,,,,,,,,,,,,,1480,305,544,423,144,19,45,0
"36029003100","14000US36029003100","Census Tract 31, Erie County, New York","Census Tract 31, Erie County, New York","ny","140","00","ACSSF","0011016",,,,,"36","029",,,,"003100",,,,,,,,,,,,,,,,,,,,,,,,,,,,,,,,,,,,,1801,435,662,580,94,30,0,0
"36029003301","14000US36029003301","Census Tract 33.01, Erie County, New York","Census Tract 33.01, Erie County, New York","ny","140","00","ACSSF","0011017",,,,,"36","029",,,,"003301",,,,,,,,,,,,,,,,,,,,,,,,,,,,,,,,,,,,,2442,436,896,826,201,53,19,11
"36029003302","14000US36029003302","Census Tract 33.02, Erie County, New York","Census Tract 33.02, Erie County, New York","ny","140","00","ACSSF","0011018",,,,,"36","029",,,,"003302",,,,,,,,,,,,,,,,,,,,,,,,,,,,,,,,,,,,,2006,540,686,619,115,33,0,13
"36029003400","14000US36029003400","Census Tract 34, Erie County, New York","Census Tract 34, Erie County, New York","ny","140","00","ACSSF","0011019",,,,,"36","029",,,,"003400",,,,,,,,,,,,,,,,,,,,,,,,,,,,,,,,,,,,,1947,465,815,480,138,49,0,0
"36029003500","14000US36029003500","Census Tract 35, Erie County, New York","Census Tract 35, Erie County, New York","ny","140","00","ACSSF","0011020",,,,,"36","029",,,,"003500",,,,,,,,,,,,,,,,,,,,,,,,,,,,,,,,,,,,,2114,557,627,658,246,26,0,0
"36029003600","14000US36029003600","Census Tract 36, Erie County, New York","Census Tract 36, Erie County, New York","ny","140","00","ACSSF","0011021",,,,,"36","029",,,,"003600",,,,,,,,,,,,,,,,,,,,,,,,,,,,,,,,,,,,,1591,453,567,367,163,41,0,0
"36029003700","14000US36029003700","Census Tract 37, Erie County, New York","Census Tract 37, Erie County, New York","ny","140","00","ACSSF","0011022",,,,,"36","029",,,,"003700",,,,,,,,,,,,,,,,,,,,,,,,,,,,,,,,,,,,,2394,594,901,751,107,41,0,0
"36029003800","14000US36029003800","Census Tract 38, Erie County, New York","Census Tract 38, Erie County, New York","ny","140","00","ACSSF","0011023",,,,,"36","029",,,,"003800",,,,,,,,,,,,,,,,,,,,,,,,,,,,,,,,,,,,,1492,164,427,724,120,49,0,8
"36029003901","14000US36029003901","Census Tract 39.01, Erie County, New York","Census Tract 39.01, Erie County, New York","ny","140","00","ACSSF","0011024",,,,,"36","029",,,,"003901",,,,,,,,,,,,,,,,,,,,,,,,,,,,,,,,,,,,,552,76,216,133,36,79,12,0
"36029004001","14000US36029004001","Census Tract 40.01, Erie County, New York","Census Tract 40.01, Erie County, New York","ny","140","00","ACSSF","0011025",,,,,"36","029",,,,"004001",,,,,,,,,,,,,,,,,,,,,,,,,,,,,,,,,,,,,2511,460,816,797,241,197,0,0
"36029004100","14000US36029004100","Census Tract 41, Erie County, New York","Census Tract 41, Erie County, New York","ny","140","00","ACSSF","0011026",,,,,"36","029",,,,"004100",,,,,,,,,,,,,,,,,,,,,,,,,,,,,,,,,,,,,2864,485,788,1244,267,67,13,0
"36029004200","14000US36029004200","Census Tract 42, Erie County, New York","Census Tract 42, Erie County, New York","ny","140","00","ACSSF","0011027",,,,,"36","029",,,,"004200",,,,,,,,,,,,,,,,,,,,,,,,,,,,,,,,,,,,,2103,373,585,943,156,33,13,0
"36029004300","14000US36029004300","Census Tract 43, Erie County, New York","Census Tract 43, Erie County, New York","ny","140","00","ACSSF","0011028",,,,,"36","029",,,,"004300",,,,,,,,,,,,,,,,,,,,,,,,,,,,,,,,,,,,,3232,312,1263,1050,370,155,35,47
"36029004401","14000US36029004401","Census Tract 44.01, Erie County, New York","Census Tract 44.01, Erie County, New York","ny","140","00","ACSSF","0011029",,,,,"36","029",,,,"004401",,,,,,,,,,,,,,,,,,,,,,,,,,,,,,,,,,,,,2464,488,881,739,175,116,46,19
"36029004402","14000US36029004402","Census Tract 44.02, Erie County, New York","Census Tract 44.02, Erie County, New York","ny","140","00","ACSSF","0011030",,,,,"36","029",,,,"004402",,,,,,,,,,,,,,,,,,,,,,,,,,,,,,,,,,,,,1433,285,590,454,82,22,0,0
"36029004500","14000US36029004500","Census Tract 45, Erie County, New York","Census Tract 45, Erie County, New York","ny","140","00","ACSSF","0011031",,,,,"36","029",,,,"004500",,,,,,,,,,,,,,,,,,,,,,,,,,,,,,,,,,,,,3860,232,840,994,787,772,179,56
"36029004601","14000US36029004601","Census Tract 46.01, Erie County, New York","Census Tract 46.01, Erie County, New York","ny","140","00","ACSSF","0011032",,,,,"36","029",,,,"004601",,,,,,,,,,,,,,,,,,,,,,,,,,,,,,,,,,,,,1846,198,206,500,397,416,47,82
"36029004602","14000US36029004602","Census Tract 46.02, Erie County, New York","Census Tract 46.02, Erie County, New York","ny","140","00","ACSSF","0011033",,,,,"36","029",,,,"004602",,,,,,,,,,,,,,,,,,,,,,,,,,,,,,,,,,,,,14,0,0,1,6,7,0,0
"36029004700","14000US36029004700","Census Tract 47, Erie County, New York","Census Tract 47, Erie County, New York","ny","140","00","ACSSF","0011034",,,,,"36","029",,,,"004700",,,,,,,,,,,,,,,,,,,,,,,,,,,,,,,,,,,,,3791,744,731,1323,571,261,113,48
"36029004800","14000US36029004800","Census Tract 48, Erie County, New York","Census Tract 48, Erie County, New York","ny","140","00","ACSSF","0011035",,,,,"36","029",,,,"004800",,,,,,,,,,,,,,,,,,,,,,,,,,,,,,,,,,,,,2778,262,523,667,677,436,112,101
"36029004900","14000US36029004900","Census Tract 49, Erie County, New York","Census Tract 49, Erie County, New York","ny","140","00","ACSSF","0011036",,,,,"36","029",,,,"004900",,,,,,,,,,,,,,,,,,,,,,,,,,,,,,,,,,,,,4282,621,977,1452,756,380,66,30
"36029005000","14000US36029005000","Census Tract 50, Erie County, New York","Census Tract 50, Erie County, New York","ny","140","00","ACSSF","0011037",,,,,"36","029",,,,"005000",,,,,,,,,,,,,,,,,,,,,,,,,,,,,,,,,,,,,1679,344,457,515,250,94,19,0
"36029005100","14000US36029005100","Census Tract 51, Erie County, New York","Census Tract 51, Erie County, New York","ny","140","00","ACSSF","0011038",,,,,"36","029",,,,"005100",,,,,,,,,,,,,,,,,,,,,,,,,,,,,,,,,,,,,3057,320,1006,868,545,288,0,30
"36029005201","14000US36029005201","Census Tract 52.01, Erie County, New York","Census Tract 52.01, Erie County, New York","ny","140","00","ACSSF","0011039",,,,,"36","029",,,,"005201",,,,,,,,,,,,,,,,,,,,,,,,,,,,,,,,,,,,,2089,133,227,478,536,471,161,83
"36029005202","14000US36029005202","Census Tract 52.02, Erie County, New York","Census Tract 52.02, Erie County, New York","ny","140","00","ACSSF","0011040",,,,,"36","029",,,,"005202",,,,,,,,,,,,,,,,,,,,,,,,,,,,,,,,,,,,,1416,185,429,594,93,115,0,0
"36029005300","14000US36029005300","Census Tract 53, Erie County, New York","Census Tract 53, Erie County, New York","ny","140","00","ACSSF","0011041",,,,,"36","029",,,,"005300",,,,,,,,,,,,,,,,,,,,,,,,,,,,,,,,,,,,,753,89,74,242,191,102,15,40
"36029005400","14000US36029005400","Census Tract 54, Erie County, New York","Census Tract 54, Erie County, New York","ny","140","00","ACSSF","0011042",,,,,"36","029",,,,"005400",,,,,,,,,,,,,,,,,,,,,,,,,,,,,,,,,,,,,2891,135,382,777,693,481,249,174
"36029005500","14000US36029005500","Census Tract 55, Erie County, New York","Census Tract 55, Erie County, New York","ny","140","00","ACSSF","0011043",,,,,"36","029",,,,"005500",,,,,,,,,,,,,,,,,,,,,,,,,,,,,,,,,,,,,2616,671,947,671,201,35,72,19
"36029005600","14000US36029005600","Census Tract 56, Erie County, New York","Census Tract 56, Erie County, New York","ny","140","00","ACSSF","0011044",,,,,"36","029",,,,"005600",,,,,,,,,,,,,,,,,,,,,,,,,,,,,,,,,,,,,2257,510,857,644,197,41,8,0
"36029005700","14000US36029005700","Census Tract 57, Erie County, New York","Census Tract 57, Erie County, New York","ny","140","00","ACSSF","0011045",,,,,"36","029",,,,"005700",,,,,,,,,,,,,,,,,,,,,,,,,,,,,,,,,,,,,1891,373,718,495,251,25,0,29
"36029005801","14000US36029005801","Census Tract 58.01, Erie County, New York","Census Tract 58.01, Erie County, New York","ny","140","00","ACSSF","0011046",,,,,"36","029",,,,"005801",,,,,,,,,,,,,,,,,,,,,,,,,,,,,,,,,,,,,2205,601,884,662,46,0,0,12
"36029005802","14000US36029005802","Census Tract 58.02, Erie County, New York","Census Tract 58.02, Erie County, New York","ny","140","00","ACSSF","0011047",,,,,"36","029",,,,"005802",,,,,,,,,,,,,,,,,,,,,,,,,,,,,,,,,,,,,2357,438,1032,607,187,50,43,0
"36029005900","14000US36029005900","Census Tract 59, Erie County, New York","Census Tract 59, Erie County, New York","ny","140","00","ACSSF","0011048",,,,,"36","029",,,,"005900",,,,,,,,,,,,,,,,,,,,,,,,,,,,,,,,,,,,,2285,771,942,413,114,45,0,0
"36029006100","14000US36029006100","Census Tract 61, Erie County, New York","Census Tract 61, Erie County, New York","ny","140","00","ACSSF","0011049",,,,,"36","029",,,,"006100",,,,,,,,,,,,,,,,,,,,,,,,,,,,,,,,,,,,,2440,821,740,551,221,71,36,0
"36029006201","14000US36029006201","Census Tract 62.01, Erie County, New York","Census Tract 62.01, Erie County, New York","ny","140","00","ACSSF","0011050",,,,,"36","029",,,,"006201",,,,,,,,,,,,,,,,,,,,,,,,,,,,,,,,,,,,,1,0,0,0,0,1,0,0
"36029006301","14000US36029006301","Census Tract 63.01, Erie County, New York","Census Tract 63.01, Erie County, New York","ny","140","00","ACSSF","0011051",,,,,"36","029",,,,"006301",,,,,,,,,,,,,,,,,,,,,,,,,,,,,,,,,,,,,2884,410,500,749,604,387,80,154
"36029006302","14000US36029006302","Census Tract 63.02, Erie County, New York","Census Tract 63.02, Erie County, New York","ny","140","00","ACSSF","0011052",,,,,"36","029",,,,"006302",,,,,,,,,,,,,,,,,,,,,,,,,,,,,,,,,,,,,1950,26,168,347,605,448,228,128
"36029006501","14000US36029006501","Census Tract 65.01, Erie County, New York","Census Tract 65.01, Erie County, New York","ny","140","00","ACSSF","0011053",,,,,"36","029",,,,"006501",,,,,,,,,,,,,,,,,,,,,,,,,,,,,,,,,,,,,1893,211,199,535,525,317,79,27
"36029006601","14000US36029006601","Census Tract 66.01, Erie County, New York","Census Tract 66.01, Erie County, New York","ny","140","00","ACSSF","0011054",,,,,"36","029",,,,"006601",,,,,,,,,,,,,,,,,,,,,,,,,,,,,,,,,,,,,1915,447,397,426,435,173,37,0
"36029006602","14000US36029006602","Census Tract 66.02, Erie County, New York","Census Tract 66.02, Erie County, New York","ny","140","00","ACSSF","0011055",,,,,"36","029",,,,"006602",,,,,,,,,,,,,,,,,,,,,,,,,,,,,,,,,,,,,1791,248,258,394,325,418,96,52
"36029006701","14000US36029006701","Census Tract 67.01, Erie County, New York","Census Tract 67.01, Erie County, New York","ny","140","00","ACSSF","0011056",,,,,"36","029",,,,"006701",,,,,,,,,,,,,,,,,,,,,,,,,,,,,,,,,,,,,3380,595,783,658,755,394,162,33
"36029006702","14000US36029006702","Census Tract 67.02, Erie County, New York","Census Tract 67.02, Erie County, New York","ny","140","00","ACSSF","0011057",,,,,"36","029",,,,"006702",,,,,,,,,,,,,,,,,,,,,,,,,,,,,,,,,,,,,2530,169,394,670,572,432,217,76
"36029006800","14000US36029006800","Census Tract 68, Erie County, New York","Census Tract 68, Erie County, New York","ny","140","00","ACSSF","0011058",,,,,"36","029",,,,"006800",,,,,,,,,,,,,,,,,,,,,,,,,,,,,,,,,,,,,2677,189,457,695,759,446,94,37
"36029006901","14000US36029006901","Census Tract 69.01, Erie County, New York","Census Tract 69.01, Erie County, New York","ny","140","00","ACSSF","0011059",,,,,"36","029",,,,"006901",,,,,,,,,,,,,,,,,,,,,,,,,,,,,,,,,,,,,1812,562,634,448,107,31,15,15
"36029006902","14000US36029006902","Census Tract 69.02, Erie County, New York","Census Tract 69.02, Erie County, New York","ny","140","00","ACSSF","0011060",,,,,"36","029",,,,"006902",,,,,,,,,,,,,,,,,,,,,,,,,,,,,,,,,,,,,2619,772,664,490,325,238,79,51
"36029007000","14000US36029007000","Census Tract 70, Erie County, New York","Census Tract 70, Erie County, New York","ny","140","00","ACSSF","0011061",,,,,"36","029",,,,"007000",,,,,,,,,,,,,,,,,,,,,,,,,,,,,,,,,,,,,1740,421,424,552,284,10,30,19
"36029007101","14000US36029007101","Census Tract 71.01, Erie County, New York","Census Tract 71.01, Erie County, New York","ny","140","00","ACSSF","0011062",,,,,"36","029",,,,"007101",,,,,,,,,,,,,,,,,,,,,,,,,,,,,,,,,,,,,2172,1063,304,584,168,42,11,0
"36029007102","14000US36029007102","Census Tract 71.02, Erie County, New York","Census Tract 71.02, Erie County, New York","ny","140","00","ACSSF","0011063",,,,,"36","029",,,,"007102",,,,,,,,,,,,,,,,,,,,,,,,,,,,,,,,,,,,,1783,588,447,294,354,74,26,0
"36029007202","14000US36029007202","Census Tract 72.02, Erie County, New York","Census Tract 72.02, Erie County, New York","ny","140","00","ACSSF","0011064",,,,,"36","029",,,,"007202",,,,,,,,,,,,,,,,,,,,,,,,,,,,,,,,,,,,,986,163,229,213,160,79,114,28
"36029007302","14000US36029007302","Census Tract 73.02, Erie County, New York","Census Tract 73.02, Erie County, New York","ny","140","00","ACSSF","0011065",,,,,"36","029",,,,"007302",,,,,,,,,,,,,,,,,,,,,,,,,,,,,,,,,,,,,5261,209,1221,1922,1068,656,99,86
"36029007303","14000US36029007303","Census Tract 73.03, Erie County, New York","Census Tract 73.03, Erie County, New York","ny","140","00","ACSSF","0011066",,,,,"36","029",,,,"007303",,,,,,,,,,,,,,,,,,,,,,,,,,,,,,,,,,,,,4753,238,912,1577,1103,692,127,104
"36029007304","14000US36029007304","Census Tract 73.04, Erie County, New York","Census Tract 73.04, Erie County, New York","ny","140","00","ACSSF","0011067",,,,,"36","029",,,,"007304",,,,,,,,,,,,,,,,,,,,,,,,,,,,,,,,,,,,,3419,132,645,1096,790,616,60,80
"36029007600","14000US36029007600","Census Tract 76, Erie County, New York","Census Tract 76, Erie County, New York","ny","140","00","ACSSF","0011068",,,,,"36","029",,,,"007600",,,,,,,,,,,,,,,,,,,,,,,,,,,,,,,,,,,,,2048,127,786,879,173,83,0,0
"36029007700","14000US36029007700","Census Tract 77, Erie County, New York","Census Tract 77, Erie County, New York","ny","140","00","ACSSF","0011069",,,,,"36","029",,,,"007700",,,,,,,,,,,,,,,,,,,,,,,,,,,,,,,,,,,,,3259,445,1109,1010,371,260,36,28
"36029007800","14000US36029007800","Census Tract 78, Erie County, New York","Census Tract 78, Erie County, New York","ny","140","00","ACSSF","0011070",,,,,"36","029",,,,"007800",,,,,,,,,,,,,,,,,,,,,,,,,,,,,,,,,,,,,3660,258,1447,1414,392,118,31,0
"36029007901","14000US36029007901","Census Tract 79.01, Erie County, New York","Census Tract 79.01, Erie County, New York","ny","140","00","ACSSF","0011071",,,,,"36","029",,,,"007901",,,,,,,,,,,,,,,,,,,,,,,,,,,,,,,,,,,,,2199,257,603,705,396,188,35,15
"36029007902","14000US36029007902","Census Tract 79.02, Erie County, New York","Census Tract 79.02, Erie County, New York","ny","140","00","ACSSF","0011072",,,,,"36","029",,,,"007902",,,,,,,,,,,,,,,,,,,,,,,,,,,,,,,,,,,,,4398,169,1523,1536,672,395,49,54
"36029007903","14000US36029007903","Census Tract 79.03, Erie County, New York","Census Tract 79.03, Erie County, New York","ny","140","00","ACSSF","0011073",,,,,"36","029",,,,"007903",,,,,,,,,,,,,,,,,,,,,,,,,,,,,,,,,,,,,2483,235,760,691,584,180,8,25
"36029007904","14000US36029007904","Census Tract 79.04, Erie County, New York","Census Tract 79.04, Erie County, New York","ny","140","00","ACSSF","0011074",,,,,"36","029",,,,"007904",,,,,,,,,,,,,,,,,,,,,,,,,,,,,,,,,,,,,2211,129,665,876,278,200,12,51
"36029007905","14000US36029007905","Census Tract 79.05, Erie County, New York","Census Tract 79.05, Erie County, New York","ny","140","00","ACSSF","0011075",,,,,"36","029",,,,"007905",,,,,,,,,,,,,,,,,,,,,,,,,,,,,,,,,,,,,3292,198,1005,998,670,328,62,31
"36029008001","14000US36029008001","Census Tract 80.01, Erie County, New York","Census Tract 80.01, Erie County, New York","ny","140","00","ACSSF","0011076",,,,,"36","029",,,,"008001",,,,,,,,,,,,,,,,,,,,,,,,,,,,,,,,,,,,,4099,407,1204,1388,725,278,38,59
"36029008002","14000US36029008002","Census Tract 80.02, Erie County, New York","Census Tract 80.02, Erie County, New York","ny","140","00","ACSSF","0011077",,,,,"36","029",,,,"008002",,,,,,,,,,,,,,,,,,,,,,,,,,,,,,,,,,,,,4164,210,1034,1444,929,430,94,23
"36029008003","14000US36029008003","Census Tract 80.03, Erie County, New York","Census Tract 80.03, Erie County, New York","ny","140","00","ACSSF","0011078",,,,,"36","029",,,,"008003",,,,,,,,,,,,,,,,,,,,,,,,,,,,,,,,,,,,,3896,232,1255,1112,813,310,110,64
"36029008101","14000US36029008101","Census Tract 81.01, Erie County, New York","Census Tract 81.01, Erie County, New York","ny","140","00","ACSSF","0011079",,,,,"36","029",,,,"008101",,,,,,,,,,,,,,,,,,,,,,,,,,,,,,,,,,,,,4474,449,1246,1362,844,407,59,107
"36029008102","14000US36029008102","Census Tract 81.02, Erie County, New York","Census Tract 81.02, Erie County, New York","ny","140","00","ACSSF","0011080",,,,,"36","029",,,,"008102",,,,,,,,,,,,,,,,,,,,,,,,,,,,,,,,,,,,,3178,110,709,706,920,446,144,143
"36029008201","14000US36029008201","Census Tract 82.01, Erie County, New York","Census Tract 82.01, Erie County, New York","ny","140","00","ACSSF","0011081",,,,,"36","029",,,,"008201",,,,,,,,,,,,,,,,,,,,,,,,,,,,,,,,,,,,,1772,130,608,614,215,196,9,0
"36029008202","14000US36029008202","Census Tract 82.02, Erie County, New York","Census Tract 82.02, Erie County, New York","ny","140","00","ACSSF","0011082",,,,,"36","029",,,,"008202",,,,,,,,,,,,,,,,,,,,,,,,,,,,,,,,,,,,,2672,344,900,766,379,256,17,10
"36029008300","14000US36029008300","Census Tract 83, Erie County, New York","Census Tract 83, Erie County, New York","ny","140","00","ACSSF","0011083",,,,,"36","029",,,,"008300",,,,,,,,,,,,,,,,,,,,,,,,,,,,,,,,,,,,,1623,361,730,406,95,14,9,8
"36029008400","14000US36029008400","Census Tract 84, Erie County, New York","Census Tract 84, Erie County, New York","ny","140","00","ACSSF","0011084",,,,,"36","029",,,,"008400",,,,,,,,,,,,,,,,,,,,,,,,,,,,,,,,,,,,,1599,304,640,513,140,2,0,0
"36029008500","14000US36029008500","Census Tract 85, Erie County, New York","Census Tract 85, Erie County, New York","ny","140","00","ACSSF","0011085",,,,,"36","029",,,,"008500",,,,,,,,,,,,,,,,,,,,,,,,,,,,,,,,,,,,,1787,94,537,685,331,112,22,6
"36029008600","14000US36029008600","Census Tract 86, Erie County, New York","Census Tract 86, Erie County, New York","ny","140","00","ACSSF","0011086",,,,,"36","029",,,,"008600",,,,,,,,,,,,,,,,,,,,,,,,,,,,,,,,,,,,,3242,197,678,915,888,457,95,12
"36029008700","14000US36029008700","Census Tract 87, Erie County, New York","Census Tract 87, Erie County, New York","ny","140","00","ACSSF","0011087",,,,,"36","029",,,,"008700",,,,,,,,,,,,,,,,,,,,,,,,,,,,,,,,,,,,,3057,230,962,847,593,321,79,25
"36029008800","14000US36029008800","Census Tract 88, Erie County, New York","Census Tract 88, Erie County, New York","ny","140","00","ACSSF","0011088",,,,,"36","029",,,,"008800",,,,,,,,,,,,,,,,,,,,,,,,,,,,,,,,,,,,,2415,217,788,833,407,157,0,13
"36029008900","14000US36029008900","Census Tract 89, Erie County, New York","Census Tract 89, Erie County, New York","ny","140","00","ACSSF","0011089",,,,,"36","029",,,,"008900",,,,,,,,,,,,,,,,,,,,,,,,,,,,,,,,,,,,,2949,57,376,917,720,649,169,61
"36029009004","14000US36029009004","Census Tract 90.04, Erie County, New York","Census Tract 90.04, Erie County, New York","ny","140","00","ACSSF","0011090",,,,,"36","029",,,,"009004",,,,,,,,,,,,,,,,,,,,,,,,,,,,,,,,,,,,,2394,49,452,528,642,558,72,93
"36029009006","14000US36029009006","Census Tract 90.06, Erie County, New York","Census Tract 90.06, Erie County, New York","ny","140","00","ACSSF","0011091",,,,,"36","029",,,,"009006",,,,,,,,,,,,,,,,,,,,,,,,,,,,,,,,,,,,,5333,231,1080,1282,1301,1000,240,199
"36029009007","14000US36029009007","Census Tract 90.07, Erie County, New York","Census Tract 90.07, Erie County, New York","ny","140","00","ACSSF","0011092",,,,,"36","029",,,,"009007",,,,,,,,,,,,,,,,,,,,,,,,,,,,,,,,,,,,,5130,207,651,1013,1157,1037,629,436
"36029009008","14000US36029009008","Census Tract 90.08, Erie County, New York","Census Tract 90.08, Erie County, New York","ny","140","00","ACSSF","0011093",,,,,"36","029",,,,"009008",,,,,,,,,,,,,,,,,,,,,,,,,,,,,,,,,,,,,3686,307,837,877,649,564,243,209
"36029009009","14000US36029009009","Census Tract 90.09, Erie County, New York","Census Tract 90.09, Erie County, New York","ny","140","00","ACSSF","0011094",,,,,"36","029",,,,"009009",,,,,,,,,,,,,,,,,,,,,,,,,,,,,,,,,,,,,3293,248,702,624,901,571,123,124
"36029009010","14000US36029009010","Census Tract 90.10, Erie County, New York","Census Tract 90.10, Erie County, New York","ny","140","00","ACSSF","0011095",,,,,"36","029",,,,"009010",,,,,,,,,,,,,,,,,,,,,,,,,,,,,,,,,,,,,3621,196,420,847,971,820,198,169
"36029009104","14000US36029009104","Census Tract 91.04, Erie County, New York","Census Tract 91.04, Erie County, New York","ny","140","00","ACSSF","0011096",,,,,"36","029",,,,"009104",,,,,,,,,,,,,,,,,,,,,,,,,,,,,,,,,,,,,3011,80,371,581,979,622,260,118
"36029009106","14000US36029009106","Census Tract 91.06, Erie County, New York","Census Tract 91.06, Erie County, New York","ny","140","00","ACSSF","0011097",,,,,"36","029",,,,"009106",,,,,,,,,,,,,,,,,,,,,,,,,,,,,,,,,,,,,1970,119,628,637,402,126,24,34
"36029009107","14000US36029009107","Census Tract 91.07, Erie County, New York","Census Tract 91.07, Erie County, New York","ny","140","00","ACSSF","0011098",,,,,"36","029",,,,"009107",,,,,,,,,,,,,,,,,,,,,,,,,,,,,,,,,,,,,3028,253,859,790,657,315,100,54
"36029009109","14000US36029009109","Census Tract 91.09, Erie County, New York","Census Tract 91.09, Erie County, New York","ny","140","00","ACSSF","0011099",,,,,"36","029",,,,"009109",,,,,,,,,,,,,,,,,,,,,,,,,,,,,,,,,,,,,2050,142,397,662,443,285,35,86
"36029009110","14000US36029009110","Census Tract 91.10, Erie County, New York","Census Tract 91.10, Erie County, New York","ny","140","00","ACSSF","0011100",,,,,"36","029",,,,"009110",,,,,,,,,,,,,,,,,,,,,,,,,,,,,,,,,,,,,26,0,0,13,13,0,0,0
"36029009112","14000US36029009112","Census Tract 91.12, Erie County, New York","Census Tract 91.12, Erie County, New York","ny","140","00","ACSSF","0011101",,,,,"36","029",,,,"009112",,,,,,,,,,,,,,,,,,,,,,,,,,,,,,,,,,,,,2363,319,734,395,470,249,54,142
"36029009113","14000US36029009113","Census Tract 91.13, Erie County, New York","Census Tract 91.13, Erie County, New York","ny","140","00","ACSSF","0011102",,,,,"36","029",,,,"009113",,,,,,,,,,,,,,,,,,,,,,,,,,,,,,,,,,,,,4779,216,650,1032,1384,986,267,244
"36029009114","14000US36029009114","Census Tract 91.14, Erie County, New York","Census Tract 91.14, Erie County, New York","ny","140","00","ACSSF","0011103",,,,,"36","029",,,,"009114",,,,,,,,,,,,,,,,,,,,,,,,,,,,,,,,,,,,,2817,91,455,754,764,432,186,135
"36029009115","14000US36029009115","Census Tract 91.15, Erie County, New York","Census Tract 91.15, Erie County, New York","ny","140","00","ACSSF","0011104",,,,,"36","029",,,,"009115",,,,,,,,,,,,,,,,,,,,,,,,,,,,,,,,,,,,,1582,65,227,317,449,294,207,23
"36029009116","14000US36029009116","Census Tract 91.16, Erie County, New York","Census Tract 91.16, Erie County, New York","ny","140","00","ACSSF","0011105",,,,,"36","029",,,,"009116",,,,,,,,,,,,,,,,,,,,,,,,,,,,,,,,,,,,,3091,123,683,796,890,493,93,13
"36029009200","14000US36029009200","Census Tract 92, Erie County, New York","Census Tract 92, Erie County, New York","ny","140","00","ACSSF","0011106",,,,,"36","029",,,,"009200",,,,,,,,,,,,,,,,,,,,,,,,,,,,,,,,,,,,,3389,292,1004,731,675,330,309,48
"36029009301","14000US36029009301","Census Tract 93.01, Erie County, New York","Census Tract 93.01, Erie County, New York","ny","140","00","ACSSF","0011107",,,,,"36","029",,,,"009301",,,,,,,,,,,,,,,,,,,,,,,,,,,,,,,,,,,,,3540,377,634,969,896,476,77,111
"36029009302","14000US36029009302","Census Tract 93.02, Erie County, New York","Census Tract 93.02, Erie County, New York","ny","140","00","ACSSF","0011108",,,,,"36","029",,,,"009302",,,,,,,,,,,,,,,,,,,,,,,,,,,,,,,,,,,,,1954,259,591,504,408,138,12,42
"36029009401","14000US36029009401","Census Tract 94.01, Erie County, New York","Census Tract 94.01, Erie County, New York","ny","140","00","ACSSF","0011109",,,,,"36","029",,,,"009401",,,,,,,,,,,,,,,,,,,,,,,,,,,,,,,,,,,,,3724,59,734,856,921,770,179,205
"36029009402","14000US36029009402","Census Tract 94.02, Erie County, New York","Census Tract 94.02, Erie County, New York","ny","140","00","ACSSF","0011110",,,,,"36","029",,,,"009402",,,,,,,,,,,,,,,,,,,,,,,,,,,,,,,,,,,,,3342,60,493,724,1089,636,154,186
"36029009501","14000US36029009501","Census Tract 95.01, Erie County, New York","Census Tract 95.01, Erie County, New York","ny","140","00","ACSSF","0011111",,,,,"36","029",,,,"009501",,,,,,,,,,,,,,,,,,,,,,,,,,,,,,,,,,,,,3462,72,496,739,879,626,364,286
"36029009502","14000US36029009502","Census Tract 95.02, Erie County, New York","Census Tract 95.02, Erie County, New York","ny","140","00","ACSSF","0011112",,,,,"36","029",,,,"009502",,,,,,,,,,,,,,,,,,,,,,,,,,,,,,,,,,,,,5192,349,815,1367,1419,936,197,109
"36029009600","14000US36029009600","Census Tract 96, Erie County, New York","Census Tract 96, Erie County, New York","ny","140","00","ACSSF","0011113",,,,,"36","029",,,,"009600",,,,,,,,,,,,,,,,,,,,,,,,,,,,,,,,,,,,,4656,311,964,1206,1006,606,450,113
"36029009701","14000US36029009701","Census Tract 97.01, Erie County, New York","Census Tract 97.01, Erie County, New York","ny","140","00","ACSSF","0011114",,,,,"36","029",,,,"009701",,,,,,,,,,,,,,,,,,,,,,,,,,,,,,,,,,,,,2462,288,1110,667,261,83,35,18
"36029009702","14000US36029009702","Census Tract 97.02, Erie County, New York","Census Tract 97.02, Erie County, New York","ny","140","00","ACSSF","0011115",,,,,"36","029",,,,"009702",,,,,,,,,,,,,,,,,,,,,,,,,,,,,,,,,,,,,3228,314,1268,1055,471,72,14,34
"36029009800","14000US36029009800","Census Tract 98, Erie County, New York","Census Tract 98, Erie County, New York","ny","140","00","ACSSF","0011116",,,,,"36","029",,,,"009800",,,,,,,,,,,,,,,,,,,,,,,,,,,,,,,,,,,,,1134,127,404,395,156,42,10,0
"36029009900","14000US36029009900","Census Tract 99, Erie County, New York","Census Tract 99, Erie County, New York","ny","140","00","ACSSF","0011117",,,,,"36","029",,,,"009900",,,,,,,,,,,,,,,,,,,,,,,,,,,,,,,,,,,,,2761,659,1185,699,161,57,0,0
"36029010001","14000US36029010001","Census Tract 100.01, Erie County, New York","Census Tract 100.01, Erie County, New York","ny","140","00","ACSSF","0011118",,,,,"36","029",,,,"010001",,,,,,,,,,,,,,,,,,,,,,,,,,,,,,,,,,,,,1897,200,754,492,326,109,16,0
"36029010002","14000US36029010002","Census Tract 100.02, Erie County, New York","Census Tract 100.02, Erie County, New York","ny","140","00","ACSSF","0011119",,,,,"36","029",,,,"010002",,,,,,,,,,,,,,,,,,,,,,,,,,,,,,,,,,,,,3435,338,1691,934,311,102,59,0
"36029010003","14000US36029010003","Census Tract 100.03, Erie County, New York","Census Tract 100.03, Erie County, New York","ny","140","00","ACSSF","0011120",,,,,"36","029",,,,"010003",,,,,,,,,,,,,,,,,,,,,,,,,,,,,,,,,,,,,2700,326,991,1064,268,45,0,6
"36029010101","14000US36029010101","Census Tract 101.01, Erie County, New York","Census Tract 101.01, Erie County, New York","ny","140","00","ACSSF","0011121",,,,,"36","029",,,,"010101",,,,,,,,,,,,,,,,,,,,,,,,,,,,,,,,,,,,,3177,269,1313,838,499,198,0,60
"36029010102","14000US36029010102","Census Tract 101.02, Erie County, New York","Census Tract 101.02, Erie County, New York","ny","140","00","ACSSF","0011122",,,,,"36","029",,,,"010102",,,,,,,,,,,,,,,,,,,,,,,,,,,,,,,,,,,,,2322,397,863,730,201,116,6,9
"36029010103","14000US36029010103","Census Tract 101.03, Erie County, New York","Census Tract 101.03, Erie County, New York","ny","140","00","ACSSF","0011123",,,,,"36","029",,,,"010103",,,,,,,,,,,,,,,,,,,,,,,,,,,,,,,,,,,,,2839,272,941,1018,451,129,21,7
"36029010201","14000US36029010201","Census Tract 102.01, Erie County, New York","Census Tract 102.01, Erie County, New York","ny","140","00","ACSSF","0011124",,,,,"36","029",,,,"010201",,,,,,,,,,,,,,,,,,,,,,,,,,,,,,,,,,,,,1949,114,650,493,325,185,148,34
"36029010202","14000US36029010202","Census Tract 102.02, Erie County, New York","Census Tract 102.02, Erie County, New York","ny","140","00","ACSSF","0011125",,,,,"36","029",,,,"010202",,,,,,,,,,,,,,,,,,,,,,,,,,,,,,,,,,,,,2091,271,549,776,291,167,0,37
"36029010300","14000US36029010300","Census Tract 103, Erie County, New York","Census Tract 103, Erie County, New York","ny","140","00","ACSSF","0011126",,,,,"36","029",,,,"010300",,,,,,,,,,,,,,,,,,,,,,,,,,,,,,,,,,,,,864,30,247,285,253,49,0,0
"36029010400","14000US36029010400","Census Tract 104, Erie County, New York","Census Tract 104, Erie County, New York","ny","140","00","ACSSF","0011127",,,,,"36","029",,,,"010400",,,,,,,,,,,,,,,,,,,,,,,,,,,,,,,,,,,,,1292,145,478,460,114,86,9,0
"36029010500","14000US36029010500","Census Tract 105, Erie County, New York","Census Tract 105, Erie County, New York","ny","140","00","ACSSF","0011128",,,,,"36","029",,,,"010500",,,,,,,,,,,,,,,,,,,,,,,,,,,,,,,,,,,,,1479,264,565,440,137,66,0,7
"36029010600","14000US36029010600","Census Tract 106, Erie County, New York","Census Tract 106, Erie County, New York","ny","140","00","ACSSF","0011129",,,,,"36","029",,,,"010600",,,,,,,,,,,,,,,,,,,,,,,,,,,,,,,,,,,,,1788,247,638,717,138,40,0,8
"36029010700","14000US36029010700","Census Tract 107, Erie County, New York","Census Tract 107, Erie County, New York","ny","140","00","ACSSF","0011130",,,,,"36","029",,,,"010700",,,,,,,,,,,,,,,,,,,,,,,,,,,,,,,,,,,,,2050,229,860,615,242,82,22,0
"36029010803","14000US36029010803","Census Tract 108.03, Erie County, New York","Census Tract 108.03, Erie County, New York","ny","140","00","ACSSF","0011131",,,,,"36","029",,,,"010803",,,,,,,,,,,,,,,,,,,,,,,,,,,,,,,,,,,,,1644,326,531,369,253,134,31,0
"36029010804","14000US36029010804","Census Tract 108.04, Erie County, New York","Census Tract 108.04, Erie County, New York","ny","140","00","ACSSF","0011132",,,,,"36","029",,,,"010804",,,,,,,,,,,,,,,,,,,,,,,,,,,,,,,,,,,,,2873,482,873,1001,345,104,47,21
"36029010805","14000US36029010805","Census Tract 108.05, Erie County, New York","Census Tract 108.05, Erie County, New York","ny","140","00","ACSSF","0011133",,,,,"36","029",,,,"010805",,,,,,,,,,,,,,,,,,,,,,,,,,,,,,,,,,,,,3732,461,1212,1394,427,212,26,0
"36029010807","14000US36029010807","Census Tract 108.07, Erie County, New York","Census Tract 108.07, Erie County, New York","ny","140","00","ACSSF","0011134",,,,,"36","029",,,,"010807",,,,,,,,,,,,,,,,,,,,,,,,,,,,,,,,,,,,,3756,497,1475,1031,416,322,0,15
"36029010808","14000US36029010808","Census Tract 108.08, Erie County, New York","Census Tract 108.08, Erie County, New York","ny","140","00","ACSSF","0011135",,,,,"36","029",,,,"010808",,,,,,,,,,,,,,,,,,,,,,,,,,,,,,,,,,,,,2829,291,993,850,571,95,13,16
"36029010809","14000US36029010809","Census Tract 108.09, Erie County, New York","Census Tract 108.09, Erie County, New York","ny","140","00","ACSSF","0011136",,,,,"36","029",,,,"010809",,,,,,,,,,,,,,,,,,,,,,,,,,,,,,,,,,,,,2351,193,907,743,299,191,18,0
"36029010901","14000US36029010901","Census Tract 109.01, Erie County, New York","Census Tract 109.01, Erie County, New York","ny","140","00","ACSSF","0011137",,,,,"36","029",,,,"010901",,,,,,,,,,,,,,,,,,,,,,,,,,,,,,,,,,,,,1831,396,532,579,221,103,0,0
"36029010902","14000US36029010902","Census Tract 109.02, Erie County, New York","Census Tract 109.02, Erie County, New York","ny","140","00","ACSSF","0011138",,,,,"36","029",,,,"010902",,,,,,,,,,,,,,,,,,,,,,,,,,,,,,,,,,,,,3695,602,1565,991,333,140,64,0
"36029011000","14000US36029011000","Census Tract 110, Erie County, New York","Census Tract 110, Erie County, New York","ny","140","00","ACSSF","0011139",,,,,"36","029",,,,"011000",,,,,,,,,,,,,,,,,,,,,,,,,,,,,,,,,,,,,1320,232,443,519,68,49,9,0
"36029011100","14000US36029011100","Census Tract 111, Erie County, New York","Census Tract 111, Erie County, New York","ny","140","00","ACSSF","0011140",,,,,"36","029",,,,"011100",,,,,,,,,,,,,,,,,,,,,,,,,,,,,,,,,,,,,1585,365,612,504,85,19,0,0
"36029011200","14000US36029011200","Census Tract 112, Erie County, New York","Census Tract 112, Erie County, New York","ny","140","00","ACSSF","0011141",,,,,"36","029",,,,"011200",,,,,,,,,,,,,,,,,,,,,,,,,,,,,,,,,,,,,5381,490,1867,1540,883,558,43,0
"36029011300","14000US36029011300","Census Tract 113, Erie County, New York","Census Tract 113, Erie County, New York","ny","140","00","ACSSF","0011142",,,,,"36","029",,,,"011300",,,,,,,,,,,,,,,,,,,,,,,,,,,,,,,,,,,,,3318,424,1252,1214,235,166,27,0
"36029011400","14000US36029011400","Census Tract 114, Erie County, New York","Census Tract 114, Erie County, New York","ny","140","00","ACSSF","0011143",,,,,"36","029",,,,"011400",,,,,,,,,,,,,,,,,,,,,,,,,,,,,,,,,,,,,1385,218,503,436,150,55,10,13
"36029011500","14000US36029011500","Census Tract 115, Erie County, New York","Census Tract 115, Erie County, New York","ny","140","00","ACSSF","0011144",,,,,"36","029",,,,"011500",,,,,,,,,,,,,,,,,,,,,,,,,,,,,,,,,,,,,876,70,363,332,93,8,0,10
"36029011600","14000US36029011600","Census Tract 116, Erie County, New York","Census Tract 116, Erie County, New York","ny","140","00","ACSSF","0011145",,,,,"36","029",,,,"011600",,,,,,,,,,,,,,,,,,,,,,,,,,,,,,,,,,,,,1556,144,592,508,209,92,0,11
"36029011700","14000US36029011700","Census Tract 117, Erie County, New York","Census Tract 117, Erie County, New York","ny","140","00","ACSSF","0011146",,,,,"36","029",,,,"011700",,,,,,,,,,,,,,,,,,,,,,,,,,,,,,,,,,,,,3020,318,1251,958,342,84,30,37
"36029011800","14000US36029011800","Census Tract 118, Erie County, New York","Census Tract 118, Erie County, New York","ny","140","00","ACSSF","0011147",,,,,"36","029",,,,"011800",,,,,,,,,,,,,,,,,,,,,,,,,,,,,,,,,,,,,2585,90,1114,875,271,228,7,0
"36029012001","14000US36029012001","Census Tract 120.01, Erie County, New York","Census Tract 120.01, Erie County, New York","ny","140","00","ACSSF","0011148",,,,,"36","029",,,,"012001",,,,,,,,,,,,,,,,,,,,,,,,,,,,,,,,,,,,,2827,220,865,1235,279,200,28,0
"36029012002","14000US36029012002","Census Tract 120.02, Erie County, New York","Census Tract 120.02, Erie County, New York","ny","140","00","ACSSF","0011149",,,,,"36","029",,,,"012002",,,,,,,,,,,,,,,,,,,,,,,,,,,,,,,,,,,,,2529,210,661,975,434,238,11,0
"36029012003","14000US36029012003","Census Tract 120.03, Erie County, New York","Census Tract 120.03, Erie County, New York","ny","140","00","ACSSF","0011150",,,,,"36","029",,,,"012003",,,,,,,,,,,,,,,,,,,,,,,,,,,,,,,,,,,,,3507,147,1204,1092,688,292,66,18
"36029012300","14000US36029012300","Census Tract 123, Erie County, New York","Census Tract 123, Erie County, New York","ny","140","00","ACSSF","0011151",,,,,"36","029",,,,"012300",,,,,,,,,,,,,,,,,,,,,,,,,,,,,,,,,,,,,2058,379,760,637,215,28,39,0
"36029012400","14000US36029012400","Census Tract 124, Erie County, New York","Census Tract 124, Erie County, New York","ny","140","00","ACSSF","0011152",,,,,"36","029",,,,"012400",,,,,,,,,,,,,,,,,,,,,,,,,,,,,,,,,,,,,1526,290,753,345,56,82,0,0
"36029012501","14000US36029012501","Census Tract 125.01, Erie County, New York","Census Tract 125.01, Erie County, New York","ny","140","00","ACSSF","0011153",,,,,"36","029",,,,"012501",,,,,,,,,,,,,,,,,,,,,,,,,,,,,,,,,,,,,3256,637,1082,799,308,321,52,57
"36029012502","14000US36029012502","Census Tract 125.02, Erie County, New York","Census Tract 125.02, Erie County, New York","ny","140","00","ACSSF","0011154",,,,,"36","029",,,,"012502",,,,,,,,,,,,,,,,,,,,,,,,,,,,,,,,,,,,,1381,273,572,359,119,27,0,31
"36029012800","14000US36029012800","Census Tract 128, Erie County, New York","Census Tract 128, Erie County, New York","ny","140","00","ACSSF","0011155",,,,,"36","029",,,,"012800",,,,,,,,,,,,,,,,,,,,,,,,,,,,,,,,,,,,,1790,224,619,594,264,67,22,0
"36029012901","14000US36029012901","Census Tract 129.01, Erie County, New York","Census Tract 129.01, Erie County, New York","ny","140","00","ACSSF","0011156",,,,,"36","029",,,,"012901",,,,,,,,,,,,,,,,,,,,,,,,,,,,,,,,,,,,,5101,466,1875,1706,721,291,42,0
"36029012902","14000US36029012902","Census Tract 129.02, Erie County, New York","Census Tract 129.02, Erie County, New York","ny","140","00","ACSSF","0011157",,,,,"36","029",,,,"012902",,,,,,,,,,,,,,,,,,,,,,,,,,,,,,,,,,,,,2468,306,629,899,407,189,22,16
"36029013001","14000US36029013001","Census Tract 130.01, Erie County, New York","Census Tract 130.01, Erie County, New York","ny","140","00","ACSSF","0011158",,,,,"36","029",,,,"013001",,,,,,,,,,,,,,,,,,,,,,,,,,,,,,,,,,,,,2075,200,775,768,221,102,9,0
"36029013002","14000US36029013002","Census Tract 130.02, Erie County, New York","Census Tract 130.02, Erie County, New York","ny","140","00","ACSSF","0011159",,,,,"36","029",,,,"013002",,,,,,,,,,,,,,,,,,,,,,,,,,,,,,,,,,,,,3714,325,1443,1188,454,279,25,0
"36029013101","14000US36029013101","Census Tract 131.01, Erie County, New York","Census Tract 131.01, Erie County, New York","ny","140","00","ACSSF","0011160",,,,,"36","029",,,,"013101",,,,,,,,,,,,,,,,,,,,,,,,,,,,,,,,,,,,,4544,186,1423,1649,769,438,37,42
"36029013102","14000US36029013102","Census Tract 131.02, Erie County, New York","Census Tract 131.02, Erie County, New York","ny","140","00","ACSSF","0011161",,,,,"36","029",,,,"013102",,,,,,,,,,,,,,,,,,,,,,,,,,,,,,,,,,,,,5164,200,1406,1655,1144,598,147,14
"36029013201","14000US36029013201","Census Tract 132.01, Erie County, New York","Census Tract 132.01, Erie County, New York","ny","140","00","ACSSF","0011162",,,,,"36","029",,,,"013201",,,,,,,,,,,,,,,,,,,,,,,,,,,,,,,,,,,,,4205,302,1391,1329,718,438,27,0
"36029013202","14000US36029013202","Census Tract 132.02, Erie County, New York","Census Tract 132.02, Erie County, New York","ny","140","00","ACSSF","0011163",,,,,"36","029",,,,"013202",,,,,,,,,,,,,,,,,,,,,,,,,,,,,,,,,,,,,3507,295,927,984,716,454,56,75
"36029013300","14000US36029013300","Census Tract 133, Erie County, New York","Census Tract 133, Erie County, New York","ny","140","00","ACSSF","0011164",,,,,"36","029",,,,"013300",,,,,,,,,,,,,,,,,,,,,,,,,,,,,,,,,,,,,2319,134,588,576,441,496,75,9
"36029013400","14000US36029013400","Census Tract 134, Erie County, New York","Census Tract 134, Erie County, New York","ny","140","00","ACSSF","0011165",,,,,"36","029",,,,"013400",,,,,,,,,,,,,,,,,,,,,,,,,,,,,,,,,,,,,4488,134,960,1389,1297,491,131,86
"36029013501","14000US36029013501","Census Tract 135.01, Erie County, New York","Census Tract 135.01, Erie County, New York","ny","140","00","ACSSF","0011166",,,,,"36","029",,,,"013501",,,,,,,,,,,,,,,,,,,,,,,,,,,,,,,,,,,,,4952,479,1311,1311,852,808,178,13
"36029013502","14000US36029013502","Census Tract 135.02, Erie County, New York","Census Tract 135.02, Erie County, New York","ny","140","00","ACSSF","0011167",,,,,"36","029",,,,"013502",,,,,,,,,,,,,,,,,,,,,,,,,,,,,,,,,,,,,4552,142,523,1152,1625,788,272,50
"36029013600","14000US36029013600","Census Tract 136, Erie County, New York","Census Tract 136, Erie County, New York","ny","140","00","ACSSF","0011168",,,,,"36","029",,,,"013600",,,,,,,,,,,,,,,,,,,,,,,,,,,,,,,,,,,,,2110,16,430,466,665,379,80,74
"36029013701","14000US36029013701","Census Tract 137.01, Erie County, New York","Census Tract 137.01, Erie County, New York","ny","140","00","ACSSF","0011169",,,,,"36","029",,,,"013701",,,,,,,,,,,,,,,,,,,,,,,,,,,,,,,,,,,,,4553,331,1571,1336,669,507,92,47
"36029013702","14000US36029013702","Census Tract 137.02, Erie County, New York","Census Tract 137.02, Erie County, New York","ny","140","00","ACSSF","0011170",,,,,"36","029",,,,"013702",,,,,,,,,,,,,,,,,,,,,,,,,,,,,,,,,,,,,3805,219,966,918,955,533,130,84
"36029013800","14000US36029013800","Census Tract 138, Erie County, New York","Census Tract 138, Erie County, New York","ny","140","00","ACSSF","0011171",,,,,"36","029",,,,"013800",,,,,,,,,,,,,,,,,,,,,,,,,,,,,,,,,,,,,5441,422,1612,1466,1133,653,94,61
"36029013900","14000US36029013900","Census Tract 139, Erie County, New York","Census Tract 139, Erie County, New York","ny","140","00","ACSSF","0011172",,,,,"36","029",,,,"013900",,,,,,,,,,,,,,,,,,,,,,,,,,,,,,,,,,,,,1644,45,275,436,474,340,62,12
"36029014000","14000US36029014000","Census Tract 140, Erie County, New York","Census Tract 140, Erie County, New York","ny","140","00","ACSSF","0011173",,,,,"36","029",,,,"014000",,,,,,,,,,,,,,,,,,,,,,,,,,,,,,,,,,,,,2776,174,533,672,762,483,137,15
"36029014101","14000US36029014101","Census Tract 141.01, Erie County, New York","Census Tract 141.01, Erie County, New York","ny","140","00","ACSSF","0011174",,,,,"36","029",,,,"014101",,,,,,,,,,,,,,,,,,,,,,,,,,,,,,,,,,,,,4339,178,1271,1290,890,430,239,41
"36029014102","14000US36029014102","Census Tract 141.02, Erie County, New York","Census Tract 141.02, Erie County, New York","ny","140","00","ACSSF","0011175",,,,,"36","029",,,,"014102",,,,,,,,,,,,,,,,,,,,,,,,,,,,,,,,,,,,,3699,310,1222,1133,667,241,62,64
"36029014204","14000US36029014204","Census Tract 142.04, Erie County, New York","Census Tract 142.04, Erie County, New York","ny","140","00","ACSSF","0011176",,,,,"36","029",,,,"014204",,,,,,,,,,,,,,,,,,,,,,,,,,,,,,,,,,,,,2622,236,922,766,402,209,75,12
"36029014206","14000US36029014206","Census Tract 142.06, Erie County, New York","Census Tract 142.06, Erie County, New York","ny","140","00","ACSSF","0011177",,,,,"36","029",,,,"014206",,,,,,,,,,,,,,,,,,,,,,,,,,,,,,,,,,,,,4291,230,1044,1184,1113,604,63,53
"36029014207","14000US36029014207","Census Tract 142.07, Erie County, New York","Census Tract 142.07, Erie County, New York","ny","140","00","ACSSF","0011178",,,,,"36","029",,,,"014207",,,,,,,,,,,,,,,,,,,,,,,,,,,,,,,,,,,,,3523,220,902,1145,718,495,25,18
"36029014208","14000US36029014208","Census Tract 142.08, Erie County, New York","Census Tract 142.08, Erie County, New York","ny","140","00","ACSSF","0011179",,,,,"36","029",,,,"014208",,,,,,,,,,,,,,,,,,,,,,,,,,,,,,,,,,,,,3206,326,951,981,674,229,33,12
"36029014209","14000US36029014209","Census Tract 142.09, Erie County, New York","Census Tract 142.09, Erie County, New York","ny","140","00","ACSSF","0011180",,,,,"36","029",,,,"014209",,,,,,,,,,,,,,,,,,,,,,,,,,,,,,,,,,,,,2955,227,824,776,691,342,95,0
"36029014300","14000US36029014300","Census Tract 143, Erie County, New York","Census Tract 143, Erie County, New York","ny","140","00","ACSSF","0011181",,,,,"36","029",,,,"014300",,,,,,,,,,,,,,,,,,,,,,,,,,,,,,,,,,,,,4269,307,1425,1321,729,431,48,8
"36029014400","14000US36029014400","Census Tract 144, Erie County, New York","Census Tract 144, Erie County, New York","ny","140","00","ACSSF","0011182",,,,,"36","029",,,,"014400",,,,,,,,,,,,,,,,,,,,,,,,,,,,,,,,,,,,,3124,368,1287,1061,301,85,22,0
"36029014501","14000US36029014501","Census Tract 145.01, Erie County, New York","Census Tract 145.01, Erie County, New York","ny","140","00","ACSSF","0011183",,,,,"36","029",,,,"014501",,,,,,,,,,,,,,,,,,,,,,,,,,,,,,,,,,,,,2627,266,864,848,467,182,0,0
"36029014502","14000US36029014502","Census Tract 145.02, Erie County, New York","Census Tract 145.02, Erie County, New York","ny","140","00","ACSSF","0011184",,,,,"36","029",,,,"014502",,,,,,,,,,,,,,,,,,,,,,,,,,,,,,,,,,,,,1497,271,612,412,76,100,0,26
"36029014601","14000US36029014601","Census Tract 146.01, Erie County, New York","Census Tract 146.01, Erie County, New York","ny","140","00","ACSSF","0011185",,,,,"36","029",,,,"014601",,,,,,,,,,,,,,,,,,,,,,,,,,,,,,,,,,,,,3433,121,805,986,748,600,105,68
"36029014603","14000US36029014603","Census Tract 146.03, Erie County, New York","Census Tract 146.03, Erie County, New York","ny","140","00","ACSSF","0011186",,,,,"36","029",,,,"014603",,,,,,,,,,,,,,,,,,,,,,,,,,,,,,,,,,,,,3069,68,462,693,991,509,281,65
"36029014604","14000US36029014604","Census Tract 146.04, Erie County, New York","Census Tract 146.04, Erie County, New York","ny","140","00","ACSSF","0011187",,,,,"36","029",,,,"014604",,,,,,,,,,,,,,,,,,,,,,,,,,,,,,,,,,,,,4608,93,718,917,1433,905,333,209
"36029014701","14000US36029014701","Census Tract 147.01, Erie County, New York","Census Tract 147.01, Erie County, New York","ny","140","00","ACSSF","0011188",,,,,"36","029",,,,"014701",,,,,,,,,,,,,,,,,,,,,,,,,,,,,,,,,,,,,3278,152,839,808,807,567,77,28
"36029014702","14000US36029014702","Census Tract 147.02, Erie County, New York","Census Tract 147.02, Erie County, New York","ny","140","00","ACSSF","0011189",,,,,"36","029",,,,"014702",,,,,,,,,,,,,,,,,,,,,,,,,,,,,,,,,,,,,5564,423,1425,1445,1125,945,146,55
"36029014801","14000US36029014801","Census Tract 148.01, Erie County, New York","Census Tract 148.01, Erie County, New York","ny","140","00","ACSSF","0011190",,,,,"36","029",,,,"014801",,,,,,,,,,,,,,,,,,,,,,,,,,,,,,,,,,,,,1615,212,572,473,213,136,9,0
"36029014803","14000US36029014803","Census Tract 148.03, Erie County, New York","Census Tract 148.03, Erie County, New York","ny","140","00","ACSSF","0011191",,,,,"36","029",,,,"014803",,,,,,,,,,,,,,,,,,,,,,,,,,,,,,,,,,,,,4237,426,1578,1288,597,281,40,27
"36029014901","14000US36029014901","Census Tract 149.01, Erie County, New York","Census Tract 149.01, Erie County, New York","ny","140","00","ACSSF","0011192",,,,,"36","029",,,,"014901",,,,,,,,,,,,,,,,,,,,,,,,,,,,,,,,,,,,,1691,155,622,583,215,97,19,0
"36029014903","14000US36029014903","Census Tract 149.03, Erie County, New York","Census Tract 149.03, Erie County, New York","ny","140","00","ACSSF","0011193",,,,,"36","029",,,,"014903",,,,,,,,,,,,,,,,,,,,,,,,,,,,,,,,,,,,,5553,649,2402,1787,416,273,13,13
"36029014904","14000US36029014904","Census Tract 149.04, Erie County, New York","Census Tract 149.04, Erie County, New York","ny","140","00","ACSSF","0011194",,,,,"36","029",,,,"014904",,,,,,,,,,,,,,,,,,,,,,,,,,,,,,,,,,,,,628,324,139,115,16,34,0,0
"36029015001","14000US36029015001","Census Tract 150.01, Erie County, New York","Census Tract 150.01, Erie County, New York","ny","140","00","ACSSF","0011195",,,,,"36","029",,,,"015001",,,,,,,,,,,,,,,,,,,,,,,,,,,,,,,,,,,,,3536,210,1337,1232,480,231,35,11
"36029015002","14000US36029015002","Census Tract 150.02, Erie County, New York","Census Tract 150.02, Erie County, New York","ny","140","00","ACSSF","0011196",,,,,"36","029",,,,"015002",,,,,,,,,,,,,,,,,,,,,,,,,,,,,,,,,,,,,2010,156,706,670,324,109,45,0
"36029015003","14000US36029015003","Census Tract 150.03, Erie County, New York","Census Tract 150.03, Erie County, New York","ny","140","00","ACSSF","0011197",,,,,"36","029",,,,"015003",,,,,,,,,,,,,,,,,,,,,,,,,,,,,,,,,,,,,2473,307,855,804,294,176,29,8
"36029015101","14000US36029015101","Census Tract 151.01, Erie County, New York","Census Tract 151.01, Erie County, New York","ny","140","00","ACSSF","0011198",,,,,"36","029",,,,"015101",,,,,,,,,,,,,,,,,,,,,,,,,,,,,,,,,,,,,2465,96,708,769,489,251,103,49
"36029015102","14000US36029015102","Census Tract 151.02, Erie County, New York","Census Tract 151.02, Erie County, New York","ny","140","00","ACSSF","0011199",,,,,"36","029",,,,"015102",,,,,,,,,,,,,,,,,,,,,,,,,,,,,,,,,,,,,1872,188,807,580,190,87,13,7
"36029015201","14000US36029015201","Census Tract 152.01, Erie County, New York","Census Tract 152.01, Erie County, New York","ny","140","00","ACSSF","0011200",,,,,"36","029",,,,"015201",,,,,,,,,,,,,,,,,,,,,,,,,,,,,,,,,,,,,2315,189,754,724,330,293,13,12
"36029015202","14000US36029015202","Census Tract 152.02, Erie County, New York","Census Tract 152.02, Erie County, New York","ny","140","00","ACSSF","0011201",,,,,"36","029",,,,"015202",,,,,,,,,,,,,,,,,,,,,,,,,,,,,,,,,,,,,3356,182,1205,1196,470,188,44,71
"36029015301","14000US36029015301","Census Tract 153.01, Erie County, New York","Census Tract 153.01, Erie County, New York","ny","140","00","ACSSF","0011202",,,,,"36","029",,,,"015301",,,,,,,,,,,,,,,,,,,,,,,,,,,,,,,,,,,,,3374,273,817,1207,656,404,17,0
"36029015302","14000US36029015302","Census Tract 153.02, Erie County, New York","Census Tract 153.02, Erie County, New York","ny","140","00","ACSSF","0011203",,,,,"36","029",,,,"015302",,,,,,,,,,,,,,,,,,,,,,,,,,,,,,,,,,,,,1912,191,695,522,331,138,35,0
"36029015401","14000US36029015401","Census Tract 154.01, Erie County, New York","Census Tract 154.01, Erie County, New York","ny","140","00","ACSSF","0011204",,,,,"36","029",,,,"015401",,,,,,,,,,,,,,,,,,,,,,,,,,,,,,,,,,,,,1816,163,580,632,286,141,14,0
"36029015402","14000US36029015402","Census Tract 154.02, Erie County, New York","Census Tract 154.02, Erie County, New York","ny","140","00","ACSSF","0011205",,,,,"36","029",,,,"015402",,,,,,,,,,,,,,,,,,,,,,,,,,,,,,,,,,,,,4010,377,1528,1059,744,200,91,11
"36029015501","14000US36029015501","Census Tract 155.01, Erie County, New York","Census Tract 155.01, Erie County, New York","ny","140","00","ACSSF","0011206",,,,,"36","029",,,,"015501",,,,,,,,,,,,,,,,,,,,,,,,,,,,,,,,,,,,,1365,108,536,488,115,102,16,0
"36029015503","14000US36029015503","Census Tract 155.03, Erie County, New York","Census Tract 155.03, Erie County, New York","ny","140","00","ACSSF","0011207",,,,,"36","029",,,,"015503",,,,,,,,,,,,,,,,,,,,,,,,,,,,,,,,,,,,,1836,254,805,529,102,119,27,0
"36029015504","14000US36029015504","Census Tract 155.04, Erie County, New York","Census Tract 155.04, Erie County, New York","ny","140","00","ACSSF","0011208",,,,,"36","029",,,,"015504",,,,,,,,,,,,,,,,,,,,,,,,,,,,,,,,,,,,,2759,367,1091,850,155,238,31,27
"36029015600","14000US36029015600","Census Tract 156, Erie County, New York","Census Tract 156, Erie County, New York","ny","140","00","ACSSF","0011209",,,,,"36","029",,,,"015600",,,,,,,,,,,,,,,,,,,,,,,,,,,,,,,,,,,,,1412,216,575,411,105,90,9,6
"36029015700","14000US36029015700","Census Tract 157, Erie County, New York","Census Tract 157, Erie County, New York","ny","140","00","ACSSF","0011210",,,,,"36","029",,,,"015700",,,,,,,,,,,,,,,,,,,,,,,,,,,,,,,,,,,,,2474,276,966,756,283,174,19,0
"36029015800","14000US36029015800","Census Tract 158, Erie County, New York","Census Tract 158, Erie County, New York","ny","140","00","ACSSF","0011211",,,,,"36","029",,,,"015800",,,,,,,,,,,,,,,,,,,,,,,,,,,,,,,,,,,,,2954,310,1100,963,344,217,9,11
"36029015900","14000US36029015900","Census Tract 159, Erie County, New York","Census Tract 159, Erie County, New York","ny","140","00","ACSSF","0011212",,,,,"36","029",,,,"015900",,,,,,,,,,,,,,,,,,,,,,,,,,,,,,,,,,,,,2980,485,1033,774,435,235,18,0
"36029016100","14000US36029016100","Census Tract 161, Erie County, New York","Census Tract 161, Erie County, New York","ny","140","00","ACSSF","0011213",,,,,"36","029",,,,"016100",,,,,,,,,,,,,,,,,,,,,,,,,,,,,,,,,,,,,2417,997,1000,321,99,0,0,0
"36029016200","14000US36029016200","Census Tract 162, Erie County, New York","Census Tract 162, Erie County, New York","ny","140","00","ACSSF","0011214",,,,,"36","029",,,,"016200",,,,,,,,,,,,,,,,,,,,,,,,,,,,,,,,,,,,,1959,289,787,490,220,160,13,0
"36029016300","14000US36029016300","Census Tract 163, Erie County, New York","Census Tract 163, Erie County, New York","ny","140","00","ACSSF","0011215",,,,,"36","029",,,,"016300",,,,,,,,,,,,,,,,,,,,,,,,,,,,,,,,,,,,,1796,703,732,257,85,19,0,0
"36029016400","14000US36029016400","Census Tract 164, Erie County, New York","Census Tract 164, Erie County, New York","ny","140","00","ACSSF","0011216",,,,,"36","029",,,,"016400",,,,,,,,,,,,,,,,,,,,,,,,,,,,,,,,,,,,,1823,514,479,691,70,69,0,0
"36029016500","14000US36029016500","Census Tract 165, Erie County, New York","Census Tract 165, Erie County, New York","ny","140","00","ACSSF","0011217",,,,,"36","029",,,,"016500",,,,,,,,,,,,,,,,,,,,,,,,,,,,,,,,,,,,,871,252,316,160,72,39,32,0
"36029016600","14000US36029016600","Census Tract 166, Erie County, New York","Census Tract 166, Erie County, New York","ny","140","00","ACSSF","0011218",,,,,"36","029",,,,"016600",,,,,,,,,,,,,,,,,,,,,,,,,,,,,,,,,,,,,1669,532,554,380,146,52,5,0
"36029016700","14000US36029016700","Census Tract 167, Erie County, New York","Census Tract 167, Erie County, New York","ny","140","00","ACSSF","0011219",,,,,"36","029",,,,"016700",,,,,,,,,,,,,,,,,,,,,,,,,,,,,,,,,,,,,1831,223,742,669,124,73,0,0
"36029016800","14000US36029016800","Census Tract 168, Erie County, New York","Census Tract 168, Erie County, New York","ny","140","00","ACSSF","0011220",,,,,"36","029",,,,"016800",,,,,,,,,,,,,,,,,,,,,,,,,,,,,,,,,,,,,2422,681,737,728,180,96,0,0
"36029016900","14000US36029016900","Census Tract 169, Erie County, New York","Census Tract 169, Erie County, New York","ny","140","00","ACSSF","0011221",,,,,"36","029",,,,"016900",,,,,,,,,,,,,,,,,,,,,,,,,,,,,,,,,,,,,2952,316,529,615,742,378,302,70
"36029017000","14000US36029017000","Census Tract 170, Erie County, New York","Census Tract 170, Erie County, New York","ny","140","00","ACSSF","0011222",,,,,"36","029",,,,"017000",,,,,,,,,,,,,,,,,,,,,,,,,,,,,,,,,,,,,1904,469,788,597,24,16,10,0
"36029017100","14000US36029017100","Census Tract 171, Erie County, New York","Census Tract 171, Erie County, New York","ny","140","00","ACSSF","0011223",,,,,"36","029",,,,"017100",,,,,,,,,,,,,,,,,,,,,,,,,,,,,,,,,,,,,2506,870,879,522,130,95,0,10
"36029017200","14000US36029017200","Census Tract 172, Erie County, New York","Census Tract 172, Erie County, New York","ny","140","00","ACSSF","0011224",,,,,"36","029",,,,"017200",,,,,,,,,,,,,,,,,,,,,,,,,,,,,,,,,,,,,1706,231,807,434,132,47,24,31
"36029017300","14000US36029017300","Census Tract 173, Erie County, New York","Census Tract 173, Erie County, New York","ny","140","00","ACSSF","0011225",,,,,"36","029",,,,"017300",,,,,,,,,,,,,,,,,,,,,,,,,,,,,,,,,,,,,5085,250,1437,1631,876,719,133,39
"36029017400","14000US36029017400","Census Tract 174, Erie County, New York","Census Tract 174, Erie County, New York","ny","140","00","ACSSF","0011226",,,,,"36","029",,,,"017400",,,,,,,,,,,,,,,,,,,,,,,,,,,,,,,,,,,,,2319,716,754,603,175,71,0,0
"36029017501","14000US36029017501","Census Tract 175.01, Erie County, New York","Census Tract 175.01, Erie County, New York","ny","140","00","ACSSF","0011227",,,,,"36","029",,,,"017501",,,,,,,,,,,,,,,,,,,,,,,,,,,,,,,,,,,,,1247,155,438,518,80,51,5,0
"36029017502","14000US36029017502","Census Tract 175.02, Erie County, New York","Census Tract 175.02, Erie County, New York","ny","140","00","ACSSF","0011228",,,,,"36","029",,,,"017502",,,,,,,,,,,,,,,,,,,,,,,,,,,,,,,,,,,,,1855,225,950,401,179,79,21,0
"36029940000","14000US36029940000","Census Tract 9400, Erie County, New York","Census Tract 9400, Erie County, New York","ny","140","00","ACSSF","0011229",,,,,"36","029",,,,"940000",,,,,,,,,,,,,,,,,,,,,,,,,,,,,,,,,,,,,1307,127,396,442,290,52,0,0
"36029940100","14000US36029940100","Census Tract 9401, Erie County, New York","Census Tract 9401, Erie County, New York","ny","140","00","ACSSF","0011230",,,,,"36","029",,,,"940100",,,,,,,,,,,,,,,,,,,,,,,,,,,,,,,,,,,,,4,4,0,0,0,0,0,0
"36029990000","14000US36029990000","Census Tract 9900, Erie County, New York","Census Tract 9900, Erie County, New York","ny","140","00","ACSSF","0011231",,,,,"36","029",,,,"990000",,,,,,,,,,,,,,,,,,,,,,,,,,,,,,,,,,,,,0,0,0,0,0,0,0,0
