Geo_FIPS,Geo_GEOID,Geo_NAME,Geo_QName,Geo_STUSAB,Geo_SUMLEV,Geo_GEOCOMP,Geo_FILEID,Geo_LOGRECNO,Geo_US,Geo_STATE,Geo_COUNTY,Geo_TRACT,SE_A12001_001,SE_A12001_002,SE_A12001_003,SE_A12001_004,SE_A12001_005,SE_A12001_006,SE_A12001_007,SE_A12001_008
36029000110,14000US36029000110,"Census Tract 1.10, Erie County, New York","Census Tract 1.10, Erie County, New York",NY,140,0,ACSSF,10995,,36,29,110,1649,281,481,683,162,42,0,0
36029000200,14000US36029000200,"Census Tract 2, Erie County, New York","Census Tract 2, Erie County, New York",NY,140,0,ACSSF,10996,,36,29,200,2938,607,1283,734,205,86,22,1
36029000500,14000US36029000500,"Census Tract 5, Erie County, New York","Census Tract 5, Erie County, New York",NY,140,0,ACSSF,10997,,36,29,500,1513,333,652,393,82,53,0,0
36029000600,14000US36029000600,"Census Tract 6, Erie County, New York","Census Tract 6, Erie County, New York",NY,140,0,ACSSF,10998,,36,29,600,3496,371,1266,1335,343,138,43,0
36029000700,14000US36029000700,"Census Tract 7, Erie County, New York","Census Tract 7, Erie County, New York",NY,140,0,ACSSF,10999,,36,29,700,2891,148,955,1016,463,226,66,17
36029000800,14000US36029000800,"Census Tract 8, Erie County, New York","Census Tract 8, Erie County, New York",NY,140,0,ACSSF,11000,,36,29,800,3508,414,1080,1202,562,210,31,9
36029000900,14000US36029000900,"Census Tract 9, Erie County, New York","Census Tract 9, Erie County, New York",NY,140,0,ACSSF,11001,,36,29,900,1526,219,433,630,184,39,10,11
36029001000,14000US36029001000,"Census Tract 10, Erie County, New York","Census Tract 10, Erie County, New York",NY,140,0,ACSSF,11002,,36,29,1000,3700,611,1446,1289,227,94,33,0
36029001100,14000US36029001100,"Census Tract 11, Erie County, New York","Census Tract 11, Erie County, New York",NY,140,0,ACSSF,11003,,36,29,1100,1771,323,694,487,182,85,0,0
36029001402,14000US36029001402,"Census Tract 14.02, Erie County, New York","Census Tract 14.02, Erie County, New York",NY,140,0,ACSSF,11004,,36,29,1402,2419,616,776,781,200,46,0,0
36029001500,14000US36029001500,"Census Tract 15, Erie County, New York","Census Tract 15, Erie County, New York",NY,140,0,ACSSF,11005,,36,29,1500,941,149,422,301,69,0,0,0
36029001600,14000US36029001600,"Census Tract 16, Erie County, New York","Census Tract 16, Erie County, New York",NY,140,0,ACSSF,11006,,36,29,1600,1370,437,432,406,51,11,33,0
36029001700,14000US36029001700,"Census Tract 17, Erie County, New York","Census Tract 17, Erie County, New York",NY,140,0,ACSSF,11007,,36,29,1700,1358,459,472,312,81,27,0,7
36029001900,14000US36029001900,"Census Tract 19, Erie County, New York","Census Tract 19, Erie County, New York",NY,140,0,ACSSF,11008,,36,29,1900,2259,484,851,596,233,83,12,0
36029002300,14000US36029002300,"Census Tract 23, Erie County, New York","Census Tract 23, Erie County, New York",NY,140,0,ACSSF,11009,,36,29,2300,2039,301,1106,458,103,71,0,0
36029002400,14000US36029002400,"Census Tract 24, Erie County, New York","Census Tract 24, Erie County, New York",NY,140,0,ACSSF,11010,,36,29,2400,2768,719,1041,740,141,114,13,0
36029002502,14000US36029002502,"Census Tract 25.02, Erie County, New York","Census Tract 25.02, Erie County, New York",NY,140,0,ACSSF,11011,,36,29,2502,1395,251,490,319,186,143,0,6
36029002702,14000US36029002702,"Census Tract 27.02, Erie County, New York","Census Tract 27.02, Erie County, New York",NY,140,0,ACSSF,11012,,36,29,2702,1538,388,479,579,64,8,11,9
36029002800,14000US36029002800,"Census Tract 28, Erie County, New York","Census Tract 28, Erie County, New York",NY,140,0,ACSSF,11013,,36,29,2800,1366,355,447,481,52,31,0,0
36029002900,14000US36029002900,"Census Tract 29, Erie County, New York","Census Tract 29, Erie County, New York",NY,140,0,ACSSF,11014,,36,29,2900,1448,292,503,496,144,13,0,0
36029003000,14000US36029003000,"Census Tract 30, Erie County, New York","Census Tract 30, Erie County, New York",NY,140,0,ACSSF,11015,,36,29,3000,1421,318,462,484,85,46,26,0
36029003100,14000US36029003100,"Census Tract 31, Erie County, New York","Census Tract 31, Erie County, New York",NY,140,0,ACSSF,11016,,36,29,3100,1591,351,430,618,123,53,14,2
36029003301,14000US36029003301,"Census Tract 33.01, Erie County, New York","Census Tract 33.01, Erie County, New York",NY,140,0,ACSSF,11017,,36,29,3301,2207,342,833,767,155,84,13,13
36029003302,14000US36029003302,"Census Tract 33.02, Erie County, New York","Census Tract 33.02, Erie County, New York",NY,140,0,ACSSF,11018,,36,29,3302,2270,509,833,724,148,41,0,15
36029003400,14000US36029003400,"Census Tract 34, Erie County, New York","Census Tract 34, Erie County, New York",NY,140,0,ACSSF,11019,,36,29,3400,1833,428,762,527,72,44,0,0
36029003500,14000US36029003500,"Census Tract 35, Erie County, New York","Census Tract 35, Erie County, New York",NY,140,0,ACSSF,11020,,36,29,3500,2000,599,572,583,197,49,0,0
36029003600,14000US36029003600,"Census Tract 36, Erie County, New York","Census Tract 36, Erie County, New York",NY,140,0,ACSSF,11021,,36,29,3600,1590,394,551,448,156,41,0,0
36029003700,14000US36029003700,"Census Tract 37, Erie County, New York","Census Tract 37, Erie County, New York",NY,140,0,ACSSF,11022,,36,29,3700,2499,667,913,769,109,41,0,0
36029003800,14000US36029003800,"Census Tract 38, Erie County, New York","Census Tract 38, Erie County, New York",NY,140,0,ACSSF,11023,,36,29,3800,1539,168,482,730,114,36,0,9
36029003901,14000US36029003901,"Census Tract 39.01, Erie County, New York","Census Tract 39.01, Erie County, New York",NY,140,0,ACSSF,11024,,36,29,3901,641,52,294,161,47,73,14,0
36029004001,14000US36029004001,"Census Tract 40.01, Erie County, New York","Census Tract 40.01, Erie County, New York",NY,140,0,ACSSF,11025,,36,29,4001,2491,466,669,948,190,218,0,0
36029004100,14000US36029004100,"Census Tract 41, Erie County, New York","Census Tract 41, Erie County, New York",NY,140,0,ACSSF,11026,,36,29,4100,3033,490,780,1403,236,75,37,12
36029004200,14000US36029004200,"Census Tract 42, Erie County, New York","Census Tract 42, Erie County, New York",NY,140,0,ACSSF,11027,,36,29,4200,2077,367,561,939,151,42,10,7
36029004300,14000US36029004300,"Census Tract 43, Erie County, New York","Census Tract 43, Erie County, New York",NY,140,0,ACSSF,11028,,36,29,4300,2956,336,1107,859,379,189,36,50
36029004401,14000US36029004401,"Census Tract 44.01, Erie County, New York","Census Tract 44.01, Erie County, New York",NY,140,0,ACSSF,11029,,36,29,4401,2373,471,780,768,209,96,39,10
36029004402,14000US36029004402,"Census Tract 44.02, Erie County, New York","Census Tract 44.02, Erie County, New York",NY,140,0,ACSSF,11030,,36,29,4402,1367,194,520,526,80,47,0,0
36029004500,14000US36029004500,"Census Tract 45, Erie County, New York","Census Tract 45, Erie County, New York",NY,140,0,ACSSF,11031,,36,29,4500,4036,231,715,1259,819,768,174,70
36029004601,14000US36029004601,"Census Tract 46.01, Erie County, New York","Census Tract 46.01, Erie County, New York",NY,140,0,ACSSF,11032,,36,29,4601,1909,201,291,567,441,313,19,77
36029004602,14000US36029004602,"Census Tract 46.02, Erie County, New York","Census Tract 46.02, Erie County, New York",NY,140,0,ACSSF,11033,,36,29,4602,119,20,11,45,12,31,0,0
36029004700,14000US36029004700,"Census Tract 47, Erie County, New York","Census Tract 47, Erie County, New York",NY,140,0,ACSSF,11034,,36,29,4700,3848,701,1010,1176,610,262,0,89
36029004800,14000US36029004800,"Census Tract 48, Erie County, New York","Census Tract 48, Erie County, New York",NY,140,0,ACSSF,11035,,36,29,4800,2765,192,538,639,700,462,126,108
36029004900,14000US36029004900,"Census Tract 49, Erie County, New York","Census Tract 49, Erie County, New York",NY,140,0,ACSSF,11036,,36,29,4900,4377,546,1067,1388,817,525,24,10
36029005000,14000US36029005000,"Census Tract 50, Erie County, New York","Census Tract 50, Erie County, New York",NY,140,0,ACSSF,11037,,36,29,5000,1662,351,378,607,237,89,0,0
36029005100,14000US36029005100,"Census Tract 51, Erie County, New York","Census Tract 51, Erie County, New York",NY,140,0,ACSSF,11038,,36,29,5100,3180,232,996,883,685,324,18,42
36029005201,14000US36029005201,"Census Tract 52.01, Erie County, New York","Census Tract 52.01, Erie County, New York",NY,140,0,ACSSF,11039,,36,29,5201,2137,108,206,542,470,516,178,117
36029005202,14000US36029005202,"Census Tract 52.02, Erie County, New York","Census Tract 52.02, Erie County, New York",NY,140,0,ACSSF,11040,,36,29,5202,1267,138,351,568,87,115,8,0
36029005300,14000US36029005300,"Census Tract 53, Erie County, New York","Census Tract 53, Erie County, New York",NY,140,0,ACSSF,11041,,36,29,5300,692,112,62,203,153,103,8,51
36029005400,14000US36029005400,"Census Tract 54, Erie County, New York","Census Tract 54, Erie County, New York",NY,140,0,ACSSF,11042,,36,29,5400,2884,135,331,791,728,457,241,201
36029005500,14000US36029005500,"Census Tract 55, Erie County, New York","Census Tract 55, Erie County, New York",NY,140,0,ACSSF,11043,,36,29,5500,2622,846,827,528,314,26,62,19
36029005600,14000US36029005600,"Census Tract 56, Erie County, New York","Census Tract 56, Erie County, New York",NY,140,0,ACSSF,11044,,36,29,5600,2547,573,794,721,388,62,9,0
36029005700,14000US36029005700,"Census Tract 57, Erie County, New York","Census Tract 57, Erie County, New York",NY,140,0,ACSSF,11045,,36,29,5700,1924,463,745,466,207,7,0,36
36029005801,14000US36029005801,"Census Tract 58.01, Erie County, New York","Census Tract 58.01, Erie County, New York",NY,140,0,ACSSF,11046,,36,29,5801,2170,566,724,806,46,16,0,12
36029005802,14000US36029005802,"Census Tract 58.02, Erie County, New York","Census Tract 58.02, Erie County, New York",NY,140,0,ACSSF,11047,,36,29,5802,2296,579,902,528,163,90,25,9
36029005900,14000US36029005900,"Census Tract 59, Erie County, New York","Census Tract 59, Erie County, New York",NY,140,0,ACSSF,11048,,36,29,5900,2288,879,772,440,173,24,0,0
36029006100,14000US36029006100,"Census Tract 61, Erie County, New York","Census Tract 61, Erie County, New York",NY,140,0,ACSSF,11049,,36,29,6100,2857,884,871,680,277,81,57,7
36029006201,14000US36029006201,"Census Tract 62.01, Erie County, New York","Census Tract 62.01, Erie County, New York",NY,140,0,ACSSF,11050,,36,29,6201,13,0,0,12,0,1,0,0
36029006301,14000US36029006301,"Census Tract 63.01, Erie County, New York","Census Tract 63.01, Erie County, New York",NY,140,0,ACSSF,11051,,36,29,6301,2563,371,508,562,513,393,109,107
36029006302,14000US36029006302,"Census Tract 63.02, Erie County, New York","Census Tract 63.02, Erie County, New York",NY,140,0,ACSSF,11052,,36,29,6302,2020,55,200,404,539,455,255,112
36029006501,14000US36029006501,"Census Tract 65.01, Erie County, New York","Census Tract 65.01, Erie County, New York",NY,140,0,ACSSF,11053,,36,29,6501,1962,259,181,501,534,363,95,29
36029006601,14000US36029006601,"Census Tract 66.01, Erie County, New York","Census Tract 66.01, Erie County, New York",NY,140,0,ACSSF,11054,,36,29,6601,1988,467,368,452,440,218,37,6
36029006602,14000US36029006602,"Census Tract 66.02, Erie County, New York","Census Tract 66.02, Erie County, New York",NY,140,0,ACSSF,11055,,36,29,6602,1737,230,262,471,332,292,102,48
36029006701,14000US36029006701,"Census Tract 67.01, Erie County, New York","Census Tract 67.01, Erie County, New York",NY,140,0,ACSSF,11056,,36,29,6701,2799,232,422,608,819,523,156,39
36029006702,14000US36029006702,"Census Tract 67.02, Erie County, New York","Census Tract 67.02, Erie County, New York",NY,140,0,ACSSF,11057,,36,29,6702,2642,188,286,542,723,517,297,89
36029006800,14000US36029006800,"Census Tract 68, Erie County, New York","Census Tract 68, Erie County, New York",NY,140,0,ACSSF,11058,,36,29,6800,2636,181,469,711,702,409,131,33
36029006901,14000US36029006901,"Census Tract 69.01, Erie County, New York","Census Tract 69.01, Erie County, New York",NY,140,0,ACSSF,11059,,36,29,6901,1892,546,777,353,127,22,52,15
36029006902,14000US36029006902,"Census Tract 69.02, Erie County, New York","Census Tract 69.02, Erie County, New York",NY,140,0,ACSSF,11060,,36,29,6902,2535,710,583,391,451,285,63,52
36029007000,14000US36029007000,"Census Tract 70, Erie County, New York","Census Tract 70, Erie County, New York",NY,140,0,ACSSF,11061,,36,29,7000,1918,515,466,557,318,19,26,17
36029007101,14000US36029007101,"Census Tract 71.01, Erie County, New York","Census Tract 71.01, Erie County, New York",NY,140,0,ACSSF,11062,,36,29,7101,2289,1014,387,699,124,48,17,0
36029007102,14000US36029007102,"Census Tract 71.02, Erie County, New York","Census Tract 71.02, Erie County, New York",NY,140,0,ACSSF,11063,,36,29,7102,1661,549,368,371,266,85,22,0
36029007202,14000US36029007202,"Census Tract 72.02, Erie County, New York","Census Tract 72.02, Erie County, New York",NY,140,0,ACSSF,11064,,36,29,7202,1079,111,263,253,160,132,133,27
36029007302,14000US36029007302,"Census Tract 73.02, Erie County, New York","Census Tract 73.02, Erie County, New York",NY,140,0,ACSSF,11065,,36,29,7302,5276,229,1172,1820,1126,751,94,84
36029007303,14000US36029007303,"Census Tract 73.03, Erie County, New York","Census Tract 73.03, Erie County, New York",NY,140,0,ACSSF,11066,,36,29,7303,4640,331,774,1506,1065,695,153,116
36029007304,14000US36029007304,"Census Tract 73.04, Erie County, New York","Census Tract 73.04, Erie County, New York",NY,140,0,ACSSF,11067,,36,29,7304,3551,91,670,1071,786,794,59,80
36029007600,14000US36029007600,"Census Tract 76, Erie County, New York","Census Tract 76, Erie County, New York",NY,140,0,ACSSF,11068,,36,29,7600,2051,147,728,897,179,94,6,0
36029007700,14000US36029007700,"Census Tract 77, Erie County, New York","Census Tract 77, Erie County, New York",NY,140,0,ACSSF,11069,,36,29,7700,3292,407,1148,923,460,308,28,18
36029007800,14000US36029007800,"Census Tract 78, Erie County, New York","Census Tract 78, Erie County, New York",NY,140,0,ACSSF,11070,,36,29,7800,3754,318,1366,1438,440,192,0,0
36029007901,14000US36029007901,"Census Tract 79.01, Erie County, New York","Census Tract 79.01, Erie County, New York",NY,140,0,ACSSF,11071,,36,29,7901,2207,219,574,712,427,224,27,24
36029007902,14000US36029007902,"Census Tract 79.02, Erie County, New York","Census Tract 79.02, Erie County, New York",NY,140,0,ACSSF,11072,,36,29,7902,4385,121,1502,1576,675,425,30,56
36029007903,14000US36029007903,"Census Tract 79.03, Erie County, New York","Census Tract 79.03, Erie County, New York",NY,140,0,ACSSF,11073,,36,29,7903,2454,194,770,636,638,188,0,28
36029007904,14000US36029007904,"Census Tract 79.04, Erie County, New York","Census Tract 79.04, Erie County, New York",NY,140,0,ACSSF,11074,,36,29,7904,2191,93,673,817,289,267,17,35
36029007905,14000US36029007905,"Census Tract 79.05, Erie County, New York","Census Tract 79.05, Erie County, New York",NY,140,0,ACSSF,11075,,36,29,7905,3146,221,935,1063,554,268,78,27
36029008001,14000US36029008001,"Census Tract 80.01, Erie County, New York","Census Tract 80.01, Erie County, New York",NY,140,0,ACSSF,11076,,36,29,8001,4025,283,1111,1378,724,407,34,88
36029008002,14000US36029008002,"Census Tract 80.02, Erie County, New York","Census Tract 80.02, Erie County, New York",NY,140,0,ACSSF,11077,,36,29,8002,4122,301,1014,1408,939,351,68,41
36029008003,14000US36029008003,"Census Tract 80.03, Erie County, New York","Census Tract 80.03, Erie County, New York",NY,140,0,ACSSF,11078,,36,29,8003,3804,212,1481,990,649,277,134,61
36029008101,14000US36029008101,"Census Tract 81.01, Erie County, New York","Census Tract 81.01, Erie County, New York",NY,140,0,ACSSF,11079,,36,29,8101,4253,379,1262,1124,912,398,92,86
36029008102,14000US36029008102,"Census Tract 81.02, Erie County, New York","Census Tract 81.02, Erie County, New York",NY,140,0,ACSSF,11080,,36,29,8102,3206,75,699,708,876,538,182,128
36029008201,14000US36029008201,"Census Tract 82.01, Erie County, New York","Census Tract 82.01, Erie County, New York",NY,140,0,ACSSF,11081,,36,29,8201,1861,138,747,566,234,166,10,0
36029008202,14000US36029008202,"Census Tract 82.02, Erie County, New York","Census Tract 82.02, Erie County, New York",NY,140,0,ACSSF,11082,,36,29,8202,2670,354,880,799,357,244,23,13
36029008300,14000US36029008300,"Census Tract 83, Erie County, New York","Census Tract 83, Erie County, New York",NY,140,0,ACSSF,11083,,36,29,8300,1634,363,789,381,72,13,8,8
36029008400,14000US36029008400,"Census Tract 84, Erie County, New York","Census Tract 84, Erie County, New York",NY,140,0,ACSSF,11084,,36,29,8400,1750,232,692,668,137,21,0,0
36029008500,14000US36029008500,"Census Tract 85, Erie County, New York","Census Tract 85, Erie County, New York",NY,140,0,ACSSF,11085,,36,29,8500,1801,92,530,706,322,125,23,3
36029008600,14000US36029008600,"Census Tract 86, Erie County, New York","Census Tract 86, Erie County, New York",NY,140,0,ACSSF,11086,,36,29,8600,3163,98,642,937,811,536,122,17
36029008700,14000US36029008700,"Census Tract 87, Erie County, New York","Census Tract 87, Erie County, New York",NY,140,0,ACSSF,11087,,36,29,8700,3259,308,859,886,792,324,80,10
36029008800,14000US36029008800,"Census Tract 88, Erie County, New York","Census Tract 88, Erie County, New York",NY,140,0,ACSSF,11088,,36,29,8800,2426,198,784,846,387,199,0,12
36029008900,14000US36029008900,"Census Tract 89, Erie County, New York","Census Tract 89, Erie County, New York",NY,140,0,ACSSF,11089,,36,29,8900,2981,59,379,883,764,683,164,49
36029009004,14000US36029009004,"Census Tract 90.04, Erie County, New York","Census Tract 90.04, Erie County, New York",NY,140,0,ACSSF,11090,,36,29,9004,2489,35,446,592,660,556,104,96
36029009006,14000US36029009006,"Census Tract 90.06, Erie County, New York","Census Tract 90.06, Erie County, New York",NY,140,0,ACSSF,11091,,36,29,9006,5354,252,1117,1285,1278,984,192,246
36029009007,14000US36029009007,"Census Tract 90.07, Erie County, New York","Census Tract 90.07, Erie County, New York",NY,140,0,ACSSF,11092,,36,29,9007,5027,114,681,1086,1125,1073,518,430
36029009008,14000US36029009008,"Census Tract 90.08, Erie County, New York","Census Tract 90.08, Erie County, New York",NY,140,0,ACSSF,11093,,36,29,9008,3746,355,821,975,586,596,214,199
36029009009,14000US36029009009,"Census Tract 90.09, Erie County, New York","Census Tract 90.09, Erie County, New York",NY,140,0,ACSSF,11094,,36,29,9009,3432,250,764,642,822,680,192,82
36029009010,14000US36029009010,"Census Tract 90.10, Erie County, New York","Census Tract 90.10, Erie County, New York",NY,140,0,ACSSF,11095,,36,29,9010,3611,170,455,971,936,753,196,130
36029009104,14000US36029009104,"Census Tract 91.04, Erie County, New York","Census Tract 91.04, Erie County, New York",NY,140,0,ACSSF,11096,,36,29,9104,3040,95,364,615,959,685,232,90
36029009106,14000US36029009106,"Census Tract 91.06, Erie County, New York","Census Tract 91.06, Erie County, New York",NY,140,0,ACSSF,11097,,36,29,9106,1961,93,529,693,360,191,43,52
36029009107,14000US36029009107,"Census Tract 91.07, Erie County, New York","Census Tract 91.07, Erie County, New York",NY,140,0,ACSSF,11098,,36,29,9107,2987,247,694,807,570,450,132,87
36029009109,14000US36029009109,"Census Tract 91.09, Erie County, New York","Census Tract 91.09, Erie County, New York",NY,140,0,ACSSF,11099,,36,29,9109,2053,174,481,529,512,259,32,66
36029009110,14000US36029009110,"Census Tract 91.10, Erie County, New York","Census Tract 91.10, Erie County, New York",NY,140,0,ACSSF,11100,,36,29,9110,150,0,0,59,18,73,0,0
36029009112,14000US36029009112,"Census Tract 91.12, Erie County, New York","Census Tract 91.12, Erie County, New York",NY,140,0,ACSSF,11101,,36,29,9112,2406,296,803,454,468,169,39,177
36029009113,14000US36029009113,"Census Tract 91.13, Erie County, New York","Census Tract 91.13, Erie County, New York",NY,140,0,ACSSF,11102,,36,29,9113,4818,109,621,1015,1573,1016,282,202
36029009114,14000US36029009114,"Census Tract 91.14, Erie County, New York","Census Tract 91.14, Erie County, New York",NY,140,0,ACSSF,11103,,36,29,9114,2877,92,405,771,898,454,145,112
36029009115,14000US36029009115,"Census Tract 91.15, Erie County, New York","Census Tract 91.15, Erie County, New York",NY,140,0,ACSSF,11104,,36,29,9115,1783,78,255,377,536,285,225,27
36029009116,14000US36029009116,"Census Tract 91.16, Erie County, New York","Census Tract 91.16, Erie County, New York",NY,140,0,ACSSF,11105,,36,29,9116,3177,126,649,839,872,493,117,81
36029009200,14000US36029009200,"Census Tract 92, Erie County, New York","Census Tract 92, Erie County, New York",NY,140,0,ACSSF,11106,,36,29,9200,3269,201,1010,693,739,382,192,52
36029009301,14000US36029009301,"Census Tract 93.01, Erie County, New York","Census Tract 93.01, Erie County, New York",NY,140,0,ACSSF,11107,,36,29,9301,3586,348,614,946,914,552,85,127
36029009302,14000US36029009302,"Census Tract 93.02, Erie County, New York","Census Tract 93.02, Erie County, New York",NY,140,0,ACSSF,11108,,36,29,9302,1850,296,488,539,353,134,14,26
36029009401,14000US36029009401,"Census Tract 94.01, Erie County, New York","Census Tract 94.01, Erie County, New York",NY,140,0,ACSSF,11109,,36,29,9401,3621,53,667,887,845,649,231,289
36029009402,14000US36029009402,"Census Tract 94.02, Erie County, New York","Census Tract 94.02, Erie County, New York",NY,140,0,ACSSF,11110,,36,29,9402,3323,87,414,689,1104,674,168,187
36029009501,14000US36029009501,"Census Tract 95.01, Erie County, New York","Census Tract 95.01, Erie County, New York",NY,140,0,ACSSF,11111,,36,29,9501,3362,23,461,875,855,583,292,273
36029009502,14000US36029009502,"Census Tract 95.02, Erie County, New York","Census Tract 95.02, Erie County, New York",NY,140,0,ACSSF,11112,,36,29,9502,5128,368,930,1345,1377,824,194,90
36029009600,14000US36029009600,"Census Tract 96, Erie County, New York","Census Tract 96, Erie County, New York",NY,140,0,ACSSF,11113,,36,29,9600,4760,319,888,1315,1074,679,398,87
36029009701,14000US36029009701,"Census Tract 97.01, Erie County, New York","Census Tract 97.01, Erie County, New York",NY,140,0,ACSSF,11114,,36,29,9701,2417,286,956,689,316,117,33,20
36029009702,14000US36029009702,"Census Tract 97.02, Erie County, New York","Census Tract 97.02, Erie County, New York",NY,140,0,ACSSF,11115,,36,29,9702,3217,321,1247,1049,406,130,0,64
36029009800,14000US36029009800,"Census Tract 98, Erie County, New York","Census Tract 98, Erie County, New York",NY,140,0,ACSSF,11116,,36,29,9800,1164,137,378,445,115,72,10,7
36029009900,14000US36029009900,"Census Tract 99, Erie County, New York","Census Tract 99, Erie County, New York",NY,140,0,ACSSF,11117,,36,29,9900,2715,631,1030,832,173,49,0,0
36029010001,14000US36029010001,"Census Tract 100.01, Erie County, New York","Census Tract 100.01, Erie County, New York",NY,140,0,ACSSF,11118,,36,29,10001,1970,153,770,549,361,124,13,0
36029010002,14000US36029010002,"Census Tract 100.02, Erie County, New York","Census Tract 100.02, Erie County, New York",NY,140,0,ACSSF,11119,,36,29,10002,3242,340,1578,873,303,119,29,0
36029010003,14000US36029010003,"Census Tract 100.03, Erie County, New York","Census Tract 100.03, Erie County, New York",NY,140,0,ACSSF,11120,,36,29,10003,2753,280,968,1094,326,76,1,8
36029010101,14000US36029010101,"Census Tract 101.01, Erie County, New York","Census Tract 101.01, Erie County, New York",NY,140,0,ACSSF,11121,,36,29,10101,3279,238,1358,895,512,218,0,58
36029010102,14000US36029010102,"Census Tract 101.02, Erie County, New York","Census Tract 101.02, Erie County, New York",NY,140,0,ACSSF,11122,,36,29,10102,2369,315,869,821,216,119,22,7
36029010103,14000US36029010103,"Census Tract 101.03, Erie County, New York","Census Tract 101.03, Erie County, New York",NY,140,0,ACSSF,11123,,36,29,10103,2778,244,945,986,444,131,11,17
36029010201,14000US36029010201,"Census Tract 102.01, Erie County, New York","Census Tract 102.01, Erie County, New York",NY,140,0,ACSSF,11124,,36,29,10201,1957,113,681,430,350,200,157,26
36029010202,14000US36029010202,"Census Tract 102.02, Erie County, New York","Census Tract 102.02, Erie County, New York",NY,140,0,ACSSF,11125,,36,29,10202,2191,204,671,755,310,200,19,32
36029010300,14000US36029010300,"Census Tract 103, Erie County, New York","Census Tract 103, Erie County, New York",NY,140,0,ACSSF,11126,,36,29,10300,809,34,307,256,171,41,0,0
36029010400,14000US36029010400,"Census Tract 104, Erie County, New York","Census Tract 104, Erie County, New York",NY,140,0,ACSSF,11127,,36,29,10400,1280,119,400,463,178,111,9,0
36029010500,14000US36029010500,"Census Tract 105, Erie County, New York","Census Tract 105, Erie County, New York",NY,140,0,ACSSF,11128,,36,29,10500,1459,205,486,447,222,83,8,8
36029010600,14000US36029010600,"Census Tract 106, Erie County, New York","Census Tract 106, Erie County, New York",NY,140,0,ACSSF,11129,,36,29,10600,1786,209,590,780,153,54,0,0
36029010700,14000US36029010700,"Census Tract 107, Erie County, New York","Census Tract 107, Erie County, New York",NY,140,0,ACSSF,11130,,36,29,10700,2022,240,806,580,302,72,22,0
36029010803,14000US36029010803,"Census Tract 108.03, Erie County, New York","Census Tract 108.03, Erie County, New York",NY,140,0,ACSSF,11131,,36,29,10803,1658,277,623,414,224,102,18,0
36029010804,14000US36029010804,"Census Tract 108.04, Erie County, New York","Census Tract 108.04, Erie County, New York",NY,140,0,ACSSF,11132,,36,29,10804,3014,456,930,1036,403,128,42,19
36029010805,14000US36029010805,"Census Tract 108.05, Erie County, New York","Census Tract 108.05, Erie County, New York",NY,140,0,ACSSF,11133,,36,29,10805,3845,408,1376,1324,482,216,39,0
36029010807,14000US36029010807,"Census Tract 108.07, Erie County, New York","Census Tract 108.07, Erie County, New York",NY,140,0,ACSSF,11134,,36,29,10807,3901,514,1595,1070,421,287,0,14
36029010808,14000US36029010808,"Census Tract 108.08, Erie County, New York","Census Tract 108.08, Erie County, New York",NY,140,0,ACSSF,11135,,36,29,10808,2964,287,927,901,664,134,15,36
36029010809,14000US36029010809,"Census Tract 108.09, Erie County, New York","Census Tract 108.09, Erie County, New York",NY,140,0,ACSSF,11136,,36,29,10809,2225,157,766,835,274,176,17,0
36029010901,14000US36029010901,"Census Tract 109.01, Erie County, New York","Census Tract 109.01, Erie County, New York",NY,140,0,ACSSF,11137,,36,29,10901,1833,402,593,591,211,36,0,0
36029010902,14000US36029010902,"Census Tract 109.02, Erie County, New York","Census Tract 109.02, Erie County, New York",NY,140,0,ACSSF,11138,,36,29,10902,3603,646,1520,955,319,110,53,0
36029011000,14000US36029011000,"Census Tract 110, Erie County, New York","Census Tract 110, Erie County, New York",NY,140,0,ACSSF,11139,,36,29,11000,1282,218,478,456,82,38,10,0
36029011100,14000US36029011100,"Census Tract 111, Erie County, New York","Census Tract 111, Erie County, New York",NY,140,0,ACSSF,11140,,36,29,11100,1622,334,572,588,98,30,0,0
36029011200,14000US36029011200,"Census Tract 112, Erie County, New York","Census Tract 112, Erie County, New York",NY,140,0,ACSSF,11141,,36,29,11200,5361,521,1784,1497,883,631,45,0
36029011300,14000US36029011300,"Census Tract 113, Erie County, New York","Census Tract 113, Erie County, New York",NY,140,0,ACSSF,11142,,36,29,11300,3588,531,1269,1303,231,224,30,0
36029011400,14000US36029011400,"Census Tract 114, Erie County, New York","Census Tract 114, Erie County, New York",NY,140,0,ACSSF,11143,,36,29,11400,1299,220,423,383,186,55,18,14
36029011500,14000US36029011500,"Census Tract 115, Erie County, New York","Census Tract 115, Erie County, New York",NY,140,0,ACSSF,11144,,36,29,11500,915,65,426,306,66,43,0,9
36029011600,14000US36029011600,"Census Tract 116, Erie County, New York","Census Tract 116, Erie County, New York",NY,140,0,ACSSF,11145,,36,29,11600,1516,148,585,416,245,111,0,11
36029011700,14000US36029011700,"Census Tract 117, Erie County, New York","Census Tract 117, Erie County, New York",NY,140,0,ACSSF,11146,,36,29,11700,3044,315,1309,917,306,106,47,44
36029011800,14000US36029011800,"Census Tract 118, Erie County, New York","Census Tract 118, Erie County, New York",NY,140,0,ACSSF,11147,,36,29,11800,2543,142,1025,832,315,218,11,0
36029012001,14000US36029012001,"Census Tract 120.01, Erie County, New York","Census Tract 120.01, Erie County, New York",NY,140,0,ACSSF,11148,,36,29,12001,2834,273,844,1229,284,195,9,0
36029012002,14000US36029012002,"Census Tract 120.02, Erie County, New York","Census Tract 120.02, Erie County, New York",NY,140,0,ACSSF,11149,,36,29,12002,2481,159,654,973,422,273,0,0
36029012003,14000US36029012003,"Census Tract 120.03, Erie County, New York","Census Tract 120.03, Erie County, New York",NY,140,0,ACSSF,11150,,36,29,12003,3423,165,1177,1023,657,330,37,34
36029012300,14000US36029012300,"Census Tract 123, Erie County, New York","Census Tract 123, Erie County, New York",NY,140,0,ACSSF,11151,,36,29,12300,2207,381,759,686,215,85,38,43
36029012400,14000US36029012400,"Census Tract 124, Erie County, New York","Census Tract 124, Erie County, New York",NY,140,0,ACSSF,11152,,36,29,12400,1473,260,682,392,82,57,0,0
36029012501,14000US36029012501,"Census Tract 125.01, Erie County, New York","Census Tract 125.01, Erie County, New York",NY,140,0,ACSSF,11153,,36,29,12501,3594,716,1116,924,398,317,49,74
36029012502,14000US36029012502,"Census Tract 125.02, Erie County, New York","Census Tract 125.02, Erie County, New York",NY,140,0,ACSSF,11154,,36,29,12502,1276,199,526,356,106,47,0,42
36029012800,14000US36029012800,"Census Tract 128, Erie County, New York","Census Tract 128, Erie County, New York",NY,140,0,ACSSF,11155,,36,29,12800,1741,131,575,635,288,87,25,0
36029012901,14000US36029012901,"Census Tract 129.01, Erie County, New York","Census Tract 129.01, Erie County, New York",NY,140,0,ACSSF,11156,,36,29,12901,5089,455,1751,1811,718,288,66,0
36029012902,14000US36029012902,"Census Tract 129.02, Erie County, New York","Census Tract 129.02, Erie County, New York",NY,140,0,ACSSF,11157,,36,29,12902,2717,371,709,946,446,230,0,15
36029013001,14000US36029013001,"Census Tract 130.01, Erie County, New York","Census Tract 130.01, Erie County, New York",NY,140,0,ACSSF,11158,,36,29,13001,2108,206,710,829,231,115,17,0
36029013002,14000US36029013002,"Census Tract 130.02, Erie County, New York","Census Tract 130.02, Erie County, New York",NY,140,0,ACSSF,11159,,36,29,13002,3870,371,1374,1329,466,305,25,0
36029013101,14000US36029013101,"Census Tract 131.01, Erie County, New York","Census Tract 131.01, Erie County, New York",NY,140,0,ACSSF,11160,,36,29,13101,4461,171,1350,1666,702,458,71,43
36029013102,14000US36029013102,"Census Tract 131.02, Erie County, New York","Census Tract 131.02, Erie County, New York",NY,140,0,ACSSF,11161,,36,29,13102,5163,156,1184,1785,1205,672,134,27
36029013201,14000US36029013201,"Census Tract 132.01, Erie County, New York","Census Tract 132.01, Erie County, New York",NY,140,0,ACSSF,11162,,36,29,13201,4210,226,1317,1573,595,499,0,0
36029013202,14000US36029013202,"Census Tract 132.02, Erie County, New York","Census Tract 132.02, Erie County, New York",NY,140,0,ACSSF,11163,,36,29,13202,3509,260,793,1107,697,474,66,112
36029013300,14000US36029013300,"Census Tract 133, Erie County, New York","Census Tract 133, Erie County, New York",NY,140,0,ACSSF,11164,,36,29,13300,2389,121,619,632,474,454,89,0
36029013400,14000US36029013400,"Census Tract 134, Erie County, New York","Census Tract 134, Erie County, New York",NY,140,0,ACSSF,11165,,36,29,13400,4474,166,958,1399,1197,520,134,100
36029013501,14000US36029013501,"Census Tract 135.01, Erie County, New York","Census Tract 135.01, Erie County, New York",NY,140,0,ACSSF,11166,,36,29,13501,4977,346,1412,1274,835,849,233,28
36029013502,14000US36029013502,"Census Tract 135.02, Erie County, New York","Census Tract 135.02, Erie County, New York",NY,140,0,ACSSF,11167,,36,29,13502,4706,176,597,1283,1472,858,288,32
36029013600,14000US36029013600,"Census Tract 136, Erie County, New York","Census Tract 136, Erie County, New York",NY,140,0,ACSSF,11168,,36,29,13600,2233,21,425,399,737,448,86,117
36029013701,14000US36029013701,"Census Tract 137.01, Erie County, New York","Census Tract 137.01, Erie County, New York",NY,140,0,ACSSF,11169,,36,29,13701,4475,376,1530,1275,706,468,80,40
36029013702,14000US36029013702,"Census Tract 137.02, Erie County, New York","Census Tract 137.02, Erie County, New York",NY,140,0,ACSSF,11170,,36,29,13702,3770,218,923,826,914,689,129,71
36029013800,14000US36029013800,"Census Tract 138, Erie County, New York","Census Tract 138, Erie County, New York",NY,140,0,ACSSF,11171,,36,29,13800,5344,443,1461,1422,1148,726,87,57
36029013900,14000US36029013900,"Census Tract 139, Erie County, New York","Census Tract 139, Erie County, New York",NY,140,0,ACSSF,11172,,36,29,13900,1666,70,277,397,511,319,70,22
36029014000,14000US36029014000,"Census Tract 140, Erie County, New York","Census Tract 140, Erie County, New York",NY,140,0,ACSSF,11173,,36,29,14000,2810,169,553,703,721,488,129,47
36029014101,14000US36029014101,"Census Tract 141.01, Erie County, New York","Census Tract 141.01, Erie County, New York",NY,140,0,ACSSF,11174,,36,29,14101,4313,198,1291,1146,950,447,242,39
36029014102,14000US36029014102,"Census Tract 141.02, Erie County, New York","Census Tract 141.02, Erie County, New York",NY,140,0,ACSSF,11175,,36,29,14102,3806,361,1214,1145,699,248,70,69
36029014204,14000US36029014204,"Census Tract 142.04, Erie County, New York","Census Tract 142.04, Erie County, New York",NY,140,0,ACSSF,11176,,36,29,14204,2782,204,1026,842,398,200,100,12
36029014206,14000US36029014206,"Census Tract 142.06, Erie County, New York","Census Tract 142.06, Erie County, New York",NY,140,0,ACSSF,11177,,36,29,14206,4422,200,1003,1259,1264,544,111,41
36029014207,14000US36029014207,"Census Tract 142.07, Erie County, New York","Census Tract 142.07, Erie County, New York",NY,140,0,ACSSF,11178,,36,29,14207,3665,210,958,1158,711,587,23,18
36029014208,14000US36029014208,"Census Tract 142.08, Erie County, New York","Census Tract 142.08, Erie County, New York",NY,140,0,ACSSF,11179,,36,29,14208,3177,344,833,916,770,255,27,32
36029014209,14000US36029014209,"Census Tract 142.09, Erie County, New York","Census Tract 142.09, Erie County, New York",NY,140,0,ACSSF,11180,,36,29,14209,2882,153,797,840,658,347,87,0
36029014300,14000US36029014300,"Census Tract 143, Erie County, New York","Census Tract 143, Erie County, New York",NY,140,0,ACSSF,11181,,36,29,14300,4276,239,1321,1452,788,384,67,25
36029014400,14000US36029014400,"Census Tract 144, Erie County, New York","Census Tract 144, Erie County, New York",NY,140,0,ACSSF,11182,,36,29,14400,3110,396,1206,1063,311,116,18,0
36029014501,14000US36029014501,"Census Tract 145.01, Erie County, New York","Census Tract 145.01, Erie County, New York",NY,140,0,ACSSF,11183,,36,29,14501,2531,212,921,773,433,183,0,9
36029014502,14000US36029014502,"Census Tract 145.02, Erie County, New York","Census Tract 145.02, Erie County, New York",NY,140,0,ACSSF,11184,,36,29,14502,1526,181,752,508,50,25,0,10
36029014601,14000US36029014601,"Census Tract 146.01, Erie County, New York","Census Tract 146.01, Erie County, New York",NY,140,0,ACSSF,11185,,36,29,14601,3532,140,978,1082,592,538,98,104
36029014603,14000US36029014603,"Census Tract 146.03, Erie County, New York","Census Tract 146.03, Erie County, New York",NY,140,0,ACSSF,11186,,36,29,14603,3112,63,404,621,1017,620,296,91
36029014604,14000US36029014604,"Census Tract 146.04, Erie County, New York","Census Tract 146.04, Erie County, New York",NY,140,0,ACSSF,11187,,36,29,14604,4467,116,576,871,1398,1013,338,155
36029014701,14000US36029014701,"Census Tract 147.01, Erie County, New York","Census Tract 147.01, Erie County, New York",NY,140,0,ACSSF,11188,,36,29,14701,3309,114,863,929,765,566,50,22
36029014702,14000US36029014702,"Census Tract 147.02, Erie County, New York","Census Tract 147.02, Erie County, New York",NY,140,0,ACSSF,11189,,36,29,14702,5695,443,1295,1630,1160,916,148,103
36029014801,14000US36029014801,"Census Tract 148.01, Erie County, New York","Census Tract 148.01, Erie County, New York",NY,140,0,ACSSF,11190,,36,29,14801,1649,220,536,489,213,160,31,0
36029014803,14000US36029014803,"Census Tract 148.03, Erie County, New York","Census Tract 148.03, Erie County, New York",NY,140,0,ACSSF,11191,,36,29,14803,4351,432,1653,1250,646,302,39,29
36029014901,14000US36029014901,"Census Tract 149.01, Erie County, New York","Census Tract 149.01, Erie County, New York",NY,140,0,ACSSF,11192,,36,29,14901,1757,140,624,652,233,95,13,0
36029014903,14000US36029014903,"Census Tract 149.03, Erie County, New York","Census Tract 149.03, Erie County, New York",NY,140,0,ACSSF,11193,,36,29,14903,5190,593,2168,1729,414,241,30,15
36029014904,14000US36029014904,"Census Tract 149.04, Erie County, New York","Census Tract 149.04, Erie County, New York",NY,140,0,ACSSF,11194,,36,29,14904,978,292,403,164,74,45,0,0
36029015001,14000US36029015001,"Census Tract 150.01, Erie County, New York","Census Tract 150.01, Erie County, New York",NY,140,0,ACSSF,11195,,36,29,15001,3340,196,1167,1270,475,187,34,11
36029015002,14000US36029015002,"Census Tract 150.02, Erie County, New York","Census Tract 150.02, Erie County, New York",NY,140,0,ACSSF,11196,,36,29,15002,2089,176,661,710,377,128,23,14
36029015003,14000US36029015003,"Census Tract 150.03, Erie County, New York","Census Tract 150.03, Erie County, New York",NY,140,0,ACSSF,11197,,36,29,15003,2469,242,936,864,258,151,18,0
36029015101,14000US36029015101,"Census Tract 151.01, Erie County, New York","Census Tract 151.01, Erie County, New York",NY,140,0,ACSSF,11198,,36,29,15101,2389,105,742,765,406,307,40,24
36029015102,14000US36029015102,"Census Tract 151.02, Erie County, New York","Census Tract 151.02, Erie County, New York",NY,140,0,ACSSF,11199,,36,29,15102,1885,169,830,575,186,89,18,18
36029015201,14000US36029015201,"Census Tract 152.01, Erie County, New York","Census Tract 152.01, Erie County, New York",NY,140,0,ACSSF,11200,,36,29,15201,2261,126,808,646,361,297,19,4
36029015202,14000US36029015202,"Census Tract 152.02, Erie County, New York","Census Tract 152.02, Erie County, New York",NY,140,0,ACSSF,11201,,36,29,15202,3367,76,1203,1113,564,276,79,56
36029015301,14000US36029015301,"Census Tract 153.01, Erie County, New York","Census Tract 153.01, Erie County, New York",NY,140,0,ACSSF,11202,,36,29,15301,3339,254,850,1298,586,332,19,0
36029015302,14000US36029015302,"Census Tract 153.02, Erie County, New York","Census Tract 153.02, Erie County, New York",NY,140,0,ACSSF,11203,,36,29,15302,1971,192,686,548,381,124,40,0
36029015401,14000US36029015401,"Census Tract 154.01, Erie County, New York","Census Tract 154.01, Erie County, New York",NY,140,0,ACSSF,11204,,36,29,15401,1786,172,453,681,319,137,16,8
36029015402,14000US36029015402,"Census Tract 154.02, Erie County, New York","Census Tract 154.02, Erie County, New York",NY,140,0,ACSSF,11205,,36,29,15402,4118,393,1575,1115,767,184,74,10
36029015501,14000US36029015501,"Census Tract 155.01, Erie County, New York","Census Tract 155.01, Erie County, New York",NY,140,0,ACSSF,11206,,36,29,15501,1379,123,517,506,108,115,10,0
36029015503,14000US36029015503,"Census Tract 155.03, Erie County, New York","Census Tract 155.03, Erie County, New York",NY,140,0,ACSSF,11207,,36,29,15503,1951,265,788,595,152,110,41,0
36029015504,14000US36029015504,"Census Tract 155.04, Erie County, New York","Census Tract 155.04, Erie County, New York",NY,140,0,ACSSF,11208,,36,29,15504,2748,251,1127,771,218,282,38,61
36029015600,14000US36029015600,"Census Tract 156, Erie County, New York","Census Tract 156, Erie County, New York",NY,140,0,ACSSF,11209,,36,29,15600,1384,203,545,420,122,84,3,7
36029015700,14000US36029015700,"Census Tract 157, Erie County, New York","Census Tract 157, Erie County, New York",NY,140,0,ACSSF,11210,,36,29,15700,2467,207,1023,790,243,186,18,0
36029015800,14000US36029015800,"Census Tract 158, Erie County, New York","Census Tract 158, Erie County, New York",NY,140,0,ACSSF,11211,,36,29,15800,2949,306,1120,913,385,215,0,10
36029015900,14000US36029015900,"Census Tract 159, Erie County, New York","Census Tract 159, Erie County, New York",NY,140,0,ACSSF,11212,,36,29,15900,3085,445,1072,883,436,226,23,0
36029016100,14000US36029016100,"Census Tract 161, Erie County, New York","Census Tract 161, Erie County, New York",NY,140,0,ACSSF,11213,,36,29,16100,2434,862,1135,372,65,0,0,0
36029016200,14000US36029016200,"Census Tract 162, Erie County, New York","Census Tract 162, Erie County, New York",NY,140,0,ACSSF,11214,,36,29,16200,1682,191,655,492,192,133,19,0
36029016300,14000US36029016300,"Census Tract 163, Erie County, New York","Census Tract 163, Erie County, New York",NY,140,0,ACSSF,11215,,36,29,16300,1683,614,632,340,86,11,0,0
36029016400,14000US36029016400,"Census Tract 164, Erie County, New York","Census Tract 164, Erie County, New York",NY,140,0,ACSSF,11216,,36,29,16400,1903,509,562,732,50,46,4,0
36029016500,14000US36029016500,"Census Tract 165, Erie County, New York","Census Tract 165, Erie County, New York",NY,140,0,ACSSF,11217,,36,29,16500,923,227,375,157,105,28,28,3
36029016600,14000US36029016600,"Census Tract 166, Erie County, New York","Census Tract 166, Erie County, New York",NY,140,0,ACSSF,11218,,36,29,16600,1642,493,613,337,152,47,0,0
36029016700,14000US36029016700,"Census Tract 167, Erie County, New York","Census Tract 167, Erie County, New York",NY,140,0,ACSSF,11219,,36,29,16700,1833,237,734,665,131,66,0,0
36029016800,14000US36029016800,"Census Tract 168, Erie County, New York","Census Tract 168, Erie County, New York",NY,140,0,ACSSF,11220,,36,29,16800,2482,685,715,827,173,82,0,0
36029016900,14000US36029016900,"Census Tract 169, Erie County, New York","Census Tract 169, Erie County, New York",NY,140,0,ACSSF,11221,,36,29,16900,2408,324,269,415,675,414,271,40
36029017000,14000US36029017000,"Census Tract 170, Erie County, New York","Census Tract 170, Erie County, New York",NY,140,0,ACSSF,11222,,36,29,17000,1908,489,775,541,49,44,10,0
36029017100,14000US36029017100,"Census Tract 171, Erie County, New York","Census Tract 171, Erie County, New York",NY,140,0,ACSSF,11223,,36,29,17100,2286,776,837,518,86,67,0,2
36029017200,14000US36029017200,"Census Tract 172, Erie County, New York","Census Tract 172, Erie County, New York",NY,140,0,ACSSF,11224,,36,29,17200,1635,286,717,463,108,22,10,29
36029017300,14000US36029017300,"Census Tract 173, Erie County, New York","Census Tract 173, Erie County, New York",NY,140,0,ACSSF,11225,,36,29,17300,4934,243,1368,1657,813,682,129,42
36029017400,14000US36029017400,"Census Tract 174, Erie County, New York","Census Tract 174, Erie County, New York",NY,140,0,ACSSF,11226,,36,29,17400,2240,697,793,532,141,77,0,0
36029017501,14000US36029017501,"Census Tract 175.01, Erie County, New York","Census Tract 175.01, Erie County, New York",NY,140,0,ACSSF,11227,,36,29,17501,1260,241,404,459,85,71,0,0
36029017502,14000US36029017502,"Census Tract 175.02, Erie County, New York","Census Tract 175.02, Erie County, New York",NY,140,0,ACSSF,11228,,36,29,17502,1792,213,902,379,209,74,8,7
36029940000,14000US36029940000,"Census Tract 9400, Erie County, New York","Census Tract 9400, Erie County, New York",NY,140,0,ACSSF,11229,,36,29,940000,1238,146,430,343,250,66,3,0
36029940100,14000US36029940100,"Census Tract 9401, Erie County, New York","Census Tract 9401, Erie County, New York",NY,140,0,ACSSF,11230,,36,29,940100,2,2,0,0,0,0,0,0
36029990000,14000US36029990000,"Census Tract 9900, Erie County, New York","Census Tract 9900, Erie County, New York",NY,140,0,ACSSF,11231,,36,29,990000,0,0,0,0,0,0,0,0